sub_word,sup_word
코로나 금지,여행 코로나
코로나 국내여행,여행 코로나
코로나 여행 할인,여행 코로나
코로나 여행 지원,여행 코로나
코로나 외국여행,여행 코로나
코로나 집합금지,코로나 금지
코로나 영업금지,코로나 금지
코로나 제한,코로나 금지
코로나 모임,코로나 금지
코로나 출입 금지,코로나 금지
코로나 19,코로나 금지
수도권 5인이상금지,코로나 금지
코로나 모임금지,코로나 금지
코로나 방역,코로나 금지
여행 코로나,코로나 금지
학교 재택근무,코로나 금지
코로나 제주여행,코로나 국내여행
코로나 해외 여행,코로나 국내여행
제주여행 코로나검사,코로나 국내여행
제주도 여행 코로나검사,코로나 국내여행
1박2일 국내여행,코로나 국내여행
신종코로나 국내여행,코로나 국내여행
제주도여행 코로나,코로나 국내여행
코로나 국내 사망자,코로나 국내여행
하나여행,코로나 국내여행
정부 여행 쿠폰,코로나 여행 할인
코로나여행 경비 지원,코로나 여행 할인
위드 코로나 숙박 할인,코로나 여행 할인
국내여행 할인상품,코로나 여행 할인
코로나 여행 지원,코로나 여행 할인
코로나 여행 지원금,코로나 여행 지원
코로나 여행 할인,코로나 여행 지원
코로나 국내여행,코로나 여행 지원
코로나 가족여행,코로나 여행 지원
코로나 단체 여행,코로나 여행 지원
코로나 해외여행 가능국가,코로나 외국여행
괌 여행 코로나,코로나 외국여행
중국 코로나 책임,코로나 외국여행
해외 여행 코로나,코로나 외국여행
코로나 세계여행,코로나 외국여행
코로나 집합금지 인원,코로나 집합금지
코로나 집합금지 연장,코로나 집합금지
코로나 집합금지해제,코로나 집합금지
코로나 집합금지 기간,코로나 집합금지
코로나 집합금지 시간,코로나 집합금지
코로나 집합 금지명령,코로나 집합금지
부산 코로나 집합금지,코로나 집합금지
코로나 집합금지 8인,코로나 집합금지
코로나 집합금지 업종,코로나 집합금지
코로나집합금지 신고,코로나 집합금지
서울 코로나 집합금지,코로나 집합금지
대구 코로나 집합금지,코로나 집합금지
코로나 단계,코로나 집합금지
경기도 코로나 집합금지,코로나 집합금지
코로나 5인이상 집합금지,코로나 집합금지
코로나 집합금지 벌금,코로나 집합금지
코로나 거리두기,코로나 집합금지
울산 코로나 집합금지,코로나 집합금지
홍천 코로나,코로나 집합금지
코로나 집합제한,코로나 집합금지
코로나 영업제한,코로나 영업금지
코로나19 영업제한,코로나 영업금지
코로나 영업시간,코로나 영업금지
코로나 영업제한 시간,코로나 영업금지
코로나 영업시간 제한,코로나 영업금지
코로나 영업제한,코로나 제한
코로나 단계,코로나 제한
코로나 규제,코로나 제한
코로나 거리제한,코로나 제한
코로나 지침변경,코로나 제한
코로나 인원제한,코로나 제한
코로나 영업시간,코로나 제한
스웨덴 코로나,코로나 제한
코로나 수칙,코로나 제한
코로나 모임,코로나 제한
코로나 영업제한 해제,코로나 제한
밀양 코로나,코로나 제한
코로나 끝,코로나 제한
코로나 집합인원,코로나 제한
코로나 시간제한,코로나 제한
코로나 조치,코로나 제한
중국 코로나,코로나 제한
코로나 강화조치,코로나 제한
코로나 2.5 단계 영업제한,코로나 제한
코로나 모임 인원,코로나 모임
코로나 사적모임,코로나 모임
코로나 모임 자제,코로나 모임
코로나 가족모임,코로나 모임
코로나 모임 인사말,코로나 모임
코로나 방역단계,코로나 모임
부산 코로나 모임,코로나 모임
코로나 식사인원,코로나 모임
코로나 모임금지,코로나 모임
코로나 영업제한,코로나 모임
위드 코로나 동창회,코로나 모임
코로나 모임 인원수,코로나 모임
위드코로나 출입명부,코로나 모임
유흥 선제검사,코로나 모임
코로나 1단계 기준,코로나 모임
울산 영업시간,코로나 모임
식사 인원제한,코로나 모임
대전 코로나 모임,코로나 모임
식당 영업시간 제한,코로나 모임
연말 송년회,코로나 모임
코로나 출입금지 안내문,코로나 출입 금지
코로나 외부인 출입금지,코로나 출입 금지
코로나 출입금지 국가,코로나 출입 금지
신종 코로나 바이러스 외부인 출입금지,코로나 출입 금지
코로나 출입제한,코로나 출입 금지
코로나19 확진자 현황,코로나 19
코로나19 거리두기,코로나 19
코로나19 세계 현황,코로나 19
코로나19 단계,코로나 19
코로나19 백신,코로나 19
코로나19 증상,코로나 19
코로나19 뜻,코로나 19
코로나19 일본,코로나 19
코로나19 치료제,코로나 19
코로나19 예방수칙,코로나 19
코로나19 대구,코로나 19
코로나19 부산,코로나 19
코로나19 3단계,코로나 19
코로나19 사망자,코로나 19
코로나19 광주,코로나 19
코로나19 미국,코로나 19
위드 코로나,코로나 19
코로나 19 서울,코로나 19
코로나19 2단계,코로나 19
코로나19 바이러스,코로나 19
코로나 금지,수도권 5인이상금지
수도권 5인이상 모임금지,수도권 5인이상금지
5인이상 집합금지란,수도권 5인이상금지
코로나 모임 자제,코로나 모임금지
접종자 마스크,코로나 모임금지
가족 모임 8인이상,코로나 모임금지
수도권 실외마스크,코로나 모임금지
코로나 장례식장 인원,코로나 모임금지
5인이상 집합금지 가족모임,코로나 모임금지
코로나 회식,코로나 모임금지
접종자 야외 마스크,코로나 모임금지
코로나19 모임 인원,코로나 모임금지
공공기관 회식 모임,코로나 모임금지
공무원 코로나 특별복무지침,코로나 모임금지
코로나 단계별 조치,코로나 모임금지
코로나 단계별 기준,코로나 모임금지
코로나 현재 단계,코로나 모임금지
서울 코로나 단계,코로나 모임금지
코로나 단계조정,코로나 모임금지
코로나 상견례,코로나 모임금지
거리두기 모임,코로나 모임금지
서울 거리두기,코로나 모임금지
단계별 사회적 거리두기,코로나 모임금지
코로나 방역지침,코로나 방역
코로나 방역업체,코로나 방역
코로나 방역소독,코로나 방역
코로나 방역수칙,코로나 방역
코로나 방역단계,코로나 방역
코로나 방역약품,코로나 방역
코로나 방역방법,코로나 방역
코로나 방역 안내문,코로나 방역
코로나19 방역,코로나 방역
코로나 거리두기,코로나 방역
해충 방역,코로나 방역
코로나 방역 포스터,코로나 방역
코로나 대책,코로나 방역
평택 코로나 검사,코로나 방역
코로나 검사 기준,코로나 방역
부천 코로나 검사,코로나 방역
코로나 치료과정,코로나 방역
위드코로나 마스크 착용,코로나 방역
코로나 예방,코로나 방역
코로나 모임 기준,코로나 방역
교직원 재택근무,학교 재택근무
수도권 교사 재택근무,학교 재택근무
교육부 재택근무,학교 재택근무
1/3 근무,학교 재택근무
코로나 금지,학교 재택근무
학교 공무직,학교 재택근무
재택근무 기준,학교 재택근무
서울시교육청 재택근무,학교 재택근무
교원 재택근무,학교 재택근무
8월 제주 여행,코로나 제주여행
제주도 코로나 검사,코로나 제주여행
제주도 여행 코로나검사,코로나 제주여행
제주 행정명령,코로나 제주여행
제주 코로나 격상,코로나 제주여행
제주 여름여행,코로나 제주여행
제주도 코로나 검사소,코로나 제주여행
제주도 입도 코로나검사,코로나 제주여행
제주도 호텔 코로나,코로나 제주여행
제주 여행 카페,코로나 제주여행
제주 7월 여행,코로나 제주여행
코로나 여행취소,코로나 제주여행
제주도 행정명령,코로나 제주여행
제주 여행사,코로나 제주여행
제주도 여행 금지,코로나 제주여행
코로나 국내 여행,코로나 제주여행
코로나 강남,코로나 제주여행
제주도 여행 취소,코로나 제주여행
제주 강동구,코로나 제주여행
제주 뉴스속보,코로나 제주여행
코로나 해외여행 가능국가,코로나 해외 여행
코로나 해외여행 자가격리,코로나 해외 여행
코로나 해외여행 언제,코로나 해외 여행
위드코로나 해외 여행,코로나 해외 여행
코로나 해외여행 취소,코로나 해외 여행
코로나 유럽여행,코로나 해외 여행
사이판,코로나 해외 여행
해외 여행 코로나 보험,코로나 해외 여행
코로나 시대 해외 여행,코로나 해외 여행
추석 연휴 해외 여행,코로나 해외 여행
해외 여행 가능지역,코로나 해외 여행
해외 여행 코로나 검사,코로나 해외 여행
해외 여행 재개,코로나 해외 여행
하나여행,코로나 해외 여행
하나투어,코로나 해외 여행
해외 여행 추천,코로나 해외 여행
코로나 블루,코로나 해외 여행
나에게로 떠나는 여행,코로나 해외 여행
코로나 백신 접종 후 해외여행,코로나 해외 여행
코로나 종식 가능,코로나 해외 여행
제주 여행시 코로나 검사,제주여행 코로나검사
푸켓 여행,제주여행 코로나검사
제주여행 추천코스,제주여행 코로나검사
미국 입국시 코로나 음성 확인서,제주여행 코로나검사
제주여행 준비물 리스트,제주여행 코로나검사
보건소 pcr 영문 증명서,제주여행 코로나검사
유럽여행 패키지,제주여행 코로나검사
제주도 여행 백신,제주여행 코로나검사
제주시 날씨,제주여행 코로나검사
코로나 검사결과 소요시간,제주여행 코로나검사
인천공항 입국시 코로나 검사,제주여행 코로나검사
괌 여행 코로나,제주여행 코로나검사
코로나 검사결과 유효기간,제주여행 코로나검사
제주여행 사이트,제주여행 코로나검사
11월 제주 여행,제주여행 코로나검사
푸켓 입국,제주여행 코로나검사
위드코로나 검사비용,제주여행 코로나검사
해외 출국시 코로나 검사 병원,제주여행 코로나검사
코로나 검사 영문확인서,제주여행 코로나검사
제주공항 코로나 검사 시간,제주여행 코로나검사
제주도 코로나 검사 의무화 시기,제주도 여행 코로나검사
제주도 여행시 코로나검사,제주도 여행 코로나검사
제주도청,제주도 여행 코로나검사
코로나 해외여행 가능국가,제주도 여행 코로나검사
제주도 무료여행,제주도 여행 코로나검사
제주도 단체여행,제주도 여행 코로나검사
제주도 체험여행,제주도 여행 코로나검사
제주여행 코로나검사,제주도 여행 코로나검사
제주 함덕 맛집,제주도 여행 코로나검사
코로나19 제주확진자,제주도 여행 코로나검사
제주도 공항 코로나 검사,제주도 여행 코로나검사
코로나 검사 가능시간,제주도 여행 코로나검사
코로나 4차 제주 여행,제주도 여행 코로나검사
제주도 섬여행,제주도 여행 코로나검사
제주도 신혼여행 호텔,제주도 여행 코로나검사
제주도 코로나 3단계,제주도 여행 코로나검사
코로나 잠복기 검사,제주도 여행 코로나검사
코로나 검사결과 확인방법,제주도 여행 코로나검사
코로나 검사방법,제주도 여행 코로나검사
제주 보건소 코로나 검사,제주도 여행 코로나검사
1박 2일여행지 추천,1박2일 국내여행
국내여행 패키지,1박2일 국내여행
국내여행지 베스트 10,1박2일 국내여행
국내여행지 추천,1박2일 국내여행
가족여행지 추천,1박2일 국내여행
국내 패키지여행,1박2일 국내여행
남해 여행 2박3일,1박2일 국내여행
1박2일 기차여행,1박2일 국내여행
1박2일 여행지,1박2일 국내여행
제주 1박2일 여행코스,1박2일 국내여행
1박2일 국내 여행 패키지,1박2일 국내여행
국내 온천여행,1박2일 국내여행
기차여행 1박2일 여행상품,1박2일 국내여행
국내 관광 여행사,1박2일 국내여행
남해 여행 1박2일,1박2일 국내여행
국내 1박2일 여행 추천,1박2일 국내여행
12월 국내여행지 추천,1박2일 국내여행
통영 1박2일 여행코스,1박2일 국내여행
전주 여행 1박2일,1박2일 국내여행
강원도 1박2일 여행지 추천,1박2일 국내여행
통영 여행 1박2일,1박2일 국내여행
경기도 1박2일 여행지 추천,1박2일 국내여행
국내 당일 버스여행상품,1박2일 국내여행
포항 1박2일 여행코스,1박2일 국내여행
12월 국내가족여행지 추천,1박2일 국내여행
태안 1박2일 여행코스,1박2일 국내여행
1박2일 재방송,1박2일 국내여행
추석 국내여행지 추천,1박2일 국내여행
1박2일 여행사,1박2일 국내여행
1박 2일전국 여행지 추천,1박2일 국내여행
코로나 여행 지원,신종코로나 국내여행
코로나 국내 여행지,신종코로나 국내여행
코로나 가족여행,신종코로나 국내여행
코로나 외국여행,신종코로나 국내여행
코로나 단체 여행,신종코로나 국내여행
제주도 여행시 코로나검사,제주도여행 코로나
코로나19 제주도 확진자동선,제주도여행 코로나
코로나 4차 유행,제주도여행 코로나
제주도 코로나 현황,제주도여행 코로나
나주 여행,제주도여행 코로나
코로나 여행취소,제주도여행 코로나
제주도 신혼여행 코로나,제주도여행 코로나
제주도 여행 서울 검사 코로나,제주도여행 코로나
제주도 입도 코로나검사,제주도여행 코로나
지금 제주도 여행,제주도여행 코로나
제주도 신혼여행 호텔,제주도여행 코로나
코로나 국내 여행,제주도여행 코로나
제주도 버스여행,제주도여행 코로나
제주도 여행 금지,제주도여행 코로나
제주도 체험여행,제주도여행 코로나
제주도 자전거 코스,제주도여행 코로나
코로나 강북구 확진자 동선,제주도여행 코로나
제주도 코로나 단계,제주도여행 코로나
제주도 코로나 2단계,제주도여행 코로나
제주여행 코로나,제주도여행 코로나
코로나 국내 사망자수,코로나 국내 사망자
코로나 사망자 현황,코로나 국내 사망자
코로나 국내 확진자,코로나 국내 사망자
코로나 전세계 사망자,코로나 국내 사망자
부산 코로나 확진자,코로나 국내 사망자
코로나 국내 사망자 나이,코로나 국내 사망자
광주 코로나,코로나 국내 사망자
코로나 발생시기,코로나 국내 사망자
한국 코로나 사망자,코로나 국내 사망자
코로나 19,코로나 국내 사망자
코로나 마스크,코로나 국내 사망자
항공권 예약,하나여행
국내여행,하나여행
여행사,하나여행
제주도 2박3일 가족여행 코스,하나여행
하나투어 주가,하나여행
캐나다 여행,하나여행
경주 여행 1박2일,하나여행
노랑풍선,하나여행
12월 여행지 추천,하나여행
하나여행사,하나여행
여행주,하나여행
하나은행 신용카드 종류,하나여행
하와이 골프여행,하나여행
하나은행 신용카드 추천,하나여행
프라하 여행,하나여행
하나 아웃백클럽카드,하나여행
베트남 여행지 추천,하나여행
우리나라 여행지도,하나여행
겨울 여행하기 좋은곳,하나여행
대전 여행,하나여행
땡처리해외여행 패키지,하나여행
여수1박2일여행지 추천,하나여행
겨울 남해 여행코스,하나여행
하나sk카드 혜택,하나여행
하나 주유 할인카드,하나여행
하나 스카이패스 카드,하나여행
하나카드 캐시백,하나여행
베트남 다낭 자유여행,하나여행
하나투어 골프여행상품,하나여행
하나투어 하나여행사,하나여행
정부 지원 숙박 쿠폰,정부 여행 쿠폰
투어비스,정부 여행 쿠폰
정부 숙박 할인쿠폰,정부 여행 쿠폰
정부 할인쿠폰 신청방법,정부 여행 쿠폰
국내여행 정부 지원,정부 여행 쿠폰
정부 소비쿠폰,정부 여행 쿠폰
참여정부,정부 여행 쿠폰
여행주간 숙박 할인쿠폰,정부 여행 쿠폰
부산 기차여행,정부 여행 쿠폰
정부 외식 쿠폰,정부 여행 쿠폰
국내여행 소비쿠폰,정부 여행 쿠폰
정부 지원 외식 쿠폰,정부 여행 쿠폰
정부 외식 할인쿠폰,정부 여행 쿠폰
정부 체육쿠폰,정부 여행 쿠폰
정부 농수산물 쿠폰,정부 여행 쿠폰
정부 지원 여행 쿠폰,코로나여행 경비 지원
코로나 여행할인,코로나여행 경비 지원
국내여행 경비지원,코로나여행 경비 지원
장애인 여행 지원,코로나여행 경비 지원
스위스 여행경비,코로나여행 경비 지원
숙박대전 할인쿠폰,위드 코로나 숙박 할인
코로나 여행할인,위드 코로나 숙박 할인
위드 코로나 숙박 쿠폰,위드 코로나 숙박 할인
위드 코로나 숙박시설,위드 코로나 숙박 할인
위드 코로나 숙박인원,위드 코로나 숙박 할인
국내여행 조기예약 할인상품,국내여행 할인상품
투어비스,국내여행 할인상품
국내여행 정부 지원,국내여행 할인상품
문체부 국내여행,국내여행 할인상품
문화소비할인권 숙박,국내여행 할인상품
국내여행 장애인 무료,국내여행 할인상품
국내 여행상품,국내여행 할인상품
여행 할인지원,국내여행 할인상품
코레일 여행상품,국내여행 할인상품
국내 기차여행,국내여행 할인상품
코로나 여행할인,국내여행 할인상품
여행 할인 쿠폰,국내여행 할인상품
정부 여행 지원금,코로나 여행 지원금
코로나 여행할인,코로나 여행 지원금
코로나 지원금 홈페이지,코로나 여행 지원금
코로나 국가지원금,코로나 여행 지원금
코로나 지원금 종류,코로나 여행 지원금
제주도 여행 코로나검사,코로나 가족여행
코로나 여행취소,코로나 가족여행
겨울 가족여행,코로나 가족여행
코로나 국내여행,코로나 가족여행
코로나 여행 지원,코로나 가족여행
위드코로나 단체여행,코로나 단체 여행
코로나 국내 여행,코로나 단체 여행
코로나 가족여행,코로나 단체 여행
코로나 외국여행,코로나 단체 여행
코로나 여행 지원,코로나 단체 여행
11월 자가격리 면제 국가,코로나 해외여행 가능국가
하나투어,코로나 해외여행 가능국가
일본여행 코로나,코로나 해외여행 가능국가
해외 여행 가능한 나라,코로나 해외여행 가능국가
태국 자가격리,코로나 해외여행 가능국가
사이판 자가격리,코로나 해외여행 가능국가
일본에서 한국 입국시 자가격리 면제방법,코로나 해외여행 가능국가
위드코로나 해외,코로나 해외여행 가능국가
트레블 버블 국가,코로나 해외여행 가능국가
아부다비 입국,코로나 해외여행 가능국가
코로나 마스크 언제까지,코로나 해외여행 가능국가
제주도 여행 코로나검사,코로나 해외여행 가능국가
중국 여행 가능,코로나 해외여행 가능국가
골프 해외 여행,코로나 해외여행 가능국가
해외 여행 가능지역,코로나 해외여행 가능국가
여행가능한 국가,코로나 해외여행 가능국가
일본 여행 금지,코로나 해외여행 가능국가
해외 여행 꿈틀,코로나 해외여행 가능국가
중국 코로나 격리기간,코로나 해외여행 가능국가
위드 코로나 해외여행 재개,코로나 해외여행 가능국가
사이판 여행 코로나,괌 여행 코로나
괌 자가격리 면제,괌 여행 코로나
위드코로나 해외 여행,괌 여행 코로나
코로나 검사 영문증명서,괌 여행 코로나
미국 여행백신,괌 여행 코로나
부산,괌 여행 코로나
괌 여행비용,괌 여행 코로나
제주도 여행 코로나검사,괌 여행 코로나
해외 여행시 코로나 검사,괌 여행 코로나
제주여행 코로나검사,괌 여행 코로나
코로나 인증서,괌 여행 코로나
코로나 여행 가능 국가,괌 여행 코로나
사이판 켄싱턴호텔,괌 여행 코로나
트레블 버블 국가,괌 여행 코로나
괌 골프여행,괌 여행 코로나
체코 여행,괌 여행 코로나
아시아나항공 하와이,괌 여행 코로나
괌 신혼여행,괌 여행 코로나
괌 패키지여행,괌 여행 코로나
괌 입국,괌 여행 코로나
중국 코로나 배상,중국 코로나 책임
코로나19 중국 책임,중국 코로나 책임
우한 연구소,중국 코로나 책임
중국 축구,중국 코로나 책임
코로나 맥주,중국 코로나 책임
코로나 중국 유출,중국 코로나 책임
중국 코로나 종식,중국 코로나 책임
코로나 원인,중국 코로나 책임
중국코로나 재확산,중국 코로나 책임
사이판 여행,해외 여행 코로나
괌,해외 여행 코로나
하와이,해외 여행 코로나
코로나 해외여행 가능국가,해외 여행 코로나
백신접종 해외 여행,해외 여행 코로나
이마트 주가 전망,해외 여행 코로나
위드코로나 해외 여행,해외 여행 코로나
하나투어 주가,해외 여행 코로나
추석 해외 여행,해외 여행 코로나
sk바이오팜 주가,해외 여행 코로나
유럽여행 코로나,코로나 세계여행
코로나 세계 현황,코로나 세계여행
코로나 외국여행,코로나 세계여행
해외 여행 코로나,코로나 세계여행
뉴질랜드 여행 코로나,코로나 세계여행
