Name,Addr
스타벅스 파미에파크R점,서울 서초구 사평대로 205 센트럴시티 파미에파크돔
스타벅스 강남R점,서울 강남구 강남대로 390
스타벅스 더종로R점,서울 종로구 종로 51
스타벅스 광화문R점,서울 종로구 세종대로 167 현대해상본사사옥 별관내
스타벅스 영등포신길점,"서울 영등포구 신길로 137 1,2층"
스타벅스 청담스타R점,서울 강남구 도산대로57길 24
스타벅스 공릉DT점,서울 노원구 동일로 1015
스타벅스 환구단점,서울 중구 소공로 112 반도조선아케이드
스타벅스 연희DT점,서울 서대문구 연희로 144
스타벅스 홍대입구역사거리R점,서울 마포구 양화로 125 경남관광빌딩 1층
스타벅스 석촌호수점,"서울 송파구 석촌호수로 262 지상 1, 2층"
스타벅스 화곡DT점,서울 강서구 등촌로 57
스타벅스 한강진역R점,서울 용산구 이태원로 252
스타벅스 용산역써밋R점,서울 용산구 한강대로 69
스타벅스 신월ICDT점,서울 양천구 남부순환로 430
스타벅스 신촌점,서울 서대문구 연세로 10-1 즐거운빌딩 1~3층
스타벅스 홍대역점,서울 마포구 양화로 165 상진빌딩 1층
스타벅스 마곡사이언스타워R,서울 강서구 마곡동로 62
스타벅스 왕십리역,서울 성동구 왕십리로 326
스타벅스 신정DT점,서울 양천구 신월로 341
스타벅스 압구정로데오역점,"서울 강남구 선릉로 836 삼원빌딩 1,2층"
스타벅스 방화DT,서울 강서구 방화대로 375
스타벅스 성신여대점,서울 성북구 동소문로24길 12
스타벅스 노량진역점,서울 동작구 노량진로 134
스타벅스 수서역R,서울 강남구 수서동 715-1
스타벅스 건대입구,서울 광진구 능동로 107
스타벅스 보라매공원R점,서울 동작구 보라매로5길 35
스타벅스 망원역점,서울 마포구 월드컵로 74
스타벅스 청담사거리점,서울 강남구 도산대로 458 리츠타워
스타벅스 마곡나루,서울 강서구 마곡중앙로 161-17
스타벅스 영등포본동점,서울 영등포구 영등포로 254 우성타워 1층
스타벅스 홍대공항철도역점,서울 마포구 양화로 178
스타벅스 낙성대DT점,서울 관악구 남부순환로 1948
스타벅스 성수역,서울 성동구 성수이로 94
스타벅스 몬테소리점,서울 서초구 강남대로 399 한국몬테소리 빌딩
스타벅스 노원역점,서울 노원구 동일로 1413 남성빌딩 1층
스타벅스 잠실새내역점,서울 송파구 올림픽로 96 1층
스타벅스 관악서울대입구R점,서울 관악구 관악로 158 BS타워 1층
스타벅스 이대R점,서울 서대문구 이화여대길 34
스타벅스 신림DT점,서울 관악구 남부순환로 1419
스타벅스 사당역점,서울 동작구 동작대로 21 양지빌딩 1-3층
스타벅스 송파나루역DT점,서울 송파구 오금로 142
스타벅스 서울대입구역점,서울 관악구 남부순환로 1812
스타벅스 경복궁역점,서울 종로구 자하문로4길 6 1층
스타벅스 송파방이DT점,서울 송파구 오금로 241
스타벅스 상암DMC점,"서울 마포구 월드컵북로 375 DMC이안오피스텔1단지 102,202호"
스타벅스 잠실역점,"서울 송파구 송파대로 562 한빛프라자 1,2층"
스타벅스 답십리역점,서울 동대문구 천호대로 263
스타벅스 공릉역,서울 노원구 동일로 1081
스타벅스 가재울뉴타운점,서울 서대문구 남가좌동 384 2단지 별동상가 1층
스타벅스 동대문공원점,서울 중구 장충단로 229
스타벅스 종각점,서울 종로구 종로 64
스타벅스 은평구청입구점,서울 은평구 은평로 170 상현빌딩 1층
스타벅스 스타필드코엑스몰 R점,서울 강남구 삼성동 159-9
스타벅스 여의도역R점,서울 영등포구 의사당대로 83 한국휴렛팩커드빌딩 1층
스타벅스 서울숲역,서울 성동구 왕십리로 50 메가박스 스퀘어 1층
스타벅스 안국점,서울 종로구 북촌로 5-1
스타벅스 회기역사거리점,서울 동대문구 이문로 37 회기 한일 베라체캠퍼스 1층
스타벅스 장한평역점,서울 동대문구 장한로 10
스타벅스 군자역,서울 광진구 천호대로 548
스타벅스 노원마들역점,서울 노원구 노원로 569 임광아파트상가
스타벅스 강동암사DT,서울 강동구 고덕로 43
스타벅스 상계초교사거리점,서울 노원구 노원로 449
스타벅스 천호로데오점,서울 강동구 천호대로 1037
스타벅스 석촌서호점,서울 송파구 석촌호수로 176 1층
스타벅스 강남삼성타운점,서울 서초구 서초대로78길 24
스타벅스 신설동역점,서울 동대문구 왕산로 19
스타벅스 구의DT,서울 광진구 광나루로 519
스타벅스 구로호텔점,서울 구로구 디지털로32길 72 구로호텔 1층
스타벅스 서울웨이브아트센터점,서울 서초구 잠원동 149
스타벅스 영등포역점,서울 영등포구 경인로 870
스타벅스 문정역점,서울 송파구 송파대로 167
스타벅스 까치산역점,서울 강서구 강서로13길 3
스타벅스 홍대삼거리점,서울 마포구 와우산로 64
스타벅스 합정점,서울 마포구 월드컵로1길 14
스타벅스 홍제역점,서울 서대문구 통일로 451
스타벅스 화곡동점,서울 강서구 화곡로 142
스타벅스 성신여대정문,서울 성북구 보문로34길 62
스타벅스 서울고속터미널점,서울 서초구 신반포로 194
스타벅스 어린이대공원역,서울 광진구 능동로 243
스타벅스 사당R점,"서울 관악구 남부순환로 2082-25 1,2층"
스타벅스 불광역점,서울 은평구 통일로 715 1층
스타벅스 신사가로수점,서울 강남구 가로수길 59
스타벅스 신도림점,서울 구로구 경인로 610
스타벅스 발산역,서울 강서구 강서로 388 1층
스타벅스 강동구청DT점,서울 강동구 성내로 32
스타벅스 별다방점,서울 중구 퇴계로 100
스타벅스 양재역점,서울 서초구 강남대로 202 모산빌딩
스타벅스 강변역,서울 광진구 구의동 589-10 구의아크로리버 제1층 109호
스타벅스 강남대로점,서울 강남구 강남대로 456 1-2호 한석타워
스타벅스 신용산역점,서울 용산구 한강대로 95
스타벅스 상봉역점,서울 중랑구 망우로 307
스타벅스 공덕오거리점,서울 마포구 마포대로 86 1층
스타벅스 동빙고점,서울 용산구 장문로 12
스타벅스 신대방삼거리역점,서울 동작구 상도로 102
스타벅스 서울역동자동점,서울 용산구 한강대로 372 센트레빌 아스테리움 서울 KDB생명타워 1층
스타벅스 광화문D타워점,서울 종로구 종로3길 17 1층
스타벅스 길음역점,서울 성북구 정릉로 376
스타벅스 이수역점,서울 서초구 동작대로 112 한신 휴플러스 1층
스타벅스 용산아이파크몰점,서울 용산구 한강대로23길 55 아이파크몰 서관 6층
스타벅스 신사역점,서울 강남구 도산대로 108 렉스타워 1층
스타벅스 상봉점,서울 중랑구 상봉로 131 상봉듀오트리스주상복합
스타벅스 여의도점,서울 영등포구 국제금융로2길 28
스타벅스 한남동R,서울 용산구 독서당로 94
스타벅스 종암DT점,서울 성북구 종암로 17
스타벅스 강북구청사거리점,서울 강북구 도봉로 365
스타벅스 강남2점,"서울 서초구 서초대로77길 27 1, 2층"
스타벅스 중계역점,서울 노원구 동일로 1339 대한빌딩
스타벅스 양재강남빌딩R점,서울 강남구 남부순환로 2621
스타벅스 금호역점,서울 성동구 동호로 99
스타벅스 합정메세나몰점,서울 마포구 양화로 45 메세나폴리스 지하1층 161~164호
스타벅스 교대역점,"서울 서초구 서초중앙로 138 1,2층"
스타벅스 인사점,서울 종로구 인사동길 14
스타벅스 뚝섬역,서울 성동구 아차산로 42
스타벅스 한양대점,"서울 성동구 왕십리로 225 경희빌딩 1,2층"
스타벅스 신림사거리점,"서울 관악구 남부순환로 1619 영일빌딩 1, 2층"
스타벅스 선릉세화빌딩점,서울 강남구 테헤란로64길 18 세화빌딩 1층
스타벅스 이태원역점,서울 용산구 이태원로 188
스타벅스 사가정역점,서울 중랑구 면목로 310
스타벅스 마곡역,서울 강서구 공항대로 168 101~105호
스타벅스 올림픽공원남문점,서울 송파구 위례성대로 102 태평양파크빌라트 아케이드 1층
스타벅스 약수역점,서울 중구 다산로 129
스타벅스 석촌역점,서울 송파구 백제고분로 358 우전빌딩 1층
스타벅스 송파개롱역점,서울 송파구 오금로 420
스타벅스 여의도IFC점,서울 영등포구 국제금융로 10 1층
스타벅스 구파발역점,서울 은평구 진관2로 12 메이플카운티 2차 113~116호
스타벅스 안암역점,서울 성북구 고려대로 102-2
스타벅스 센트럴시티점,서울 서초구 신반포로 176 센트럴시티 1층
스타벅스 오목교역점,서울 양천구 오목로 354
스타벅스 금천독산점,서울 금천구 두산로 70 남서울현대지식산업센터 T로비층 108호
스타벅스 방배카페거리점,서울 서초구 방배중앙로 162
스타벅스 포이점,서울 강남구 논현로 88
스타벅스 강남오거리점,서울 강남구 봉은사로2길 39
스타벅스 엔터식스,서울 성동구 왕십리광장로 17 왕십리역사 엔터식스몰 지하1층
스타벅스 마로니에공원점,서울 종로구 대학로 116 1-2층
스타벅스 동교점,서울 마포구 월드컵북로 22 영준빌딩 1층
스타벅스 선릉역점,서울 강남구 테헤란로 334 LG화재빌딩 1층
스타벅스 상암사보이시티,서울 마포구 월드컵북로54길 17
스타벅스 신림타임스트림점,서울 관악구 신림로 330 포도몰 1층 101호
스타벅스 강남비젼타워점,서울 강남구 테헤란로2길 27 비젼타워 1층
스타벅스 목동8단지점,서울 양천구 목동서로 299
스타벅스 청담점,서울 강남구 도산대로 532 인희빌딩 1층
스타벅스 송파마천사거리DT점,서울 송파구 거마로 78
스타벅스 동부이촌동,서울 용산구 이촌로 198
스타벅스 문래역점,서울 영등포구 당산로 34
스타벅스 강남구청역점,서울 강남구 선릉로 669 웰빙센터 1층
스타벅스 망원한강공원점,서울 마포구 망원동 205-8 2층
스타벅스 마포염리점,서울 마포구 독막로 311
스타벅스 서교점,서울 마포구 양화로 78
스타벅스 중랑구청점,서울 중랑구 신내로 72
스타벅스 고대점,서울 성북구 고려대로24길 51 1층 & 2층
스타벅스 신논현역점,서울 서초구 강남대로 483
스타벅스 마곡나루공원,서울 강서구 마곡중앙5로 47
스타벅스 쌍문역점,서울 도봉구 도봉로 480
스타벅스 노원KT점,서울 노원구 노해로 502
스타벅스 혜화역점,"서울 종로구 대학로12길 4 1,2층"
스타벅스 학여울역점,서울 강남구 영동대로 215
스타벅스 미아뉴타운점,서울 강북구 삼양로 161 행전빌딩
스타벅스 연신내역사거리점,서울 은평구 통일로 842
스타벅스 선릉동신빌딩R점,서울 강남구 테헤란로 409
스타벅스 송파위례,서울 송파구 위례광장로 230
스타벅스 문정법원로R,서울 송파구 송파대로 201
스타벅스 잠실시그마타워점,서울 송파구 올림픽로 289
스타벅스 가로수길점,서울 강남구 논현로175길 94 임도빌딩 1층
스타벅스 오류동역점,서울 구로구 경인로 216 1층
스타벅스 아시아선수촌점,서울 송파구 백제고분로 69 애플타워 175
스타벅스 구산역점,서울 은평구 연서로 146
스타벅스 천호역점,서울 강동구 천호대로 1012 태승빌딩 1층
스타벅스 학동역점,서울 강남구 논현로 704
스타벅스 수유역점,서울 강북구 도봉로 342
스타벅스 당산점,서울 영등포구 양평로 64 1층
스타벅스 노량진동점,서울 동작구 노량진로 190 고려교육타워 어바니엘한강 101~105호
스타벅스 종로관수점,서울 종로구 삼일대로20길 13
스타벅스 송파구청,서울 송파구 오금로 87
스타벅스 압구정R점,서울 강남구 언주로 861
스타벅스 마곡GMG,서울 강서구 마곡중앙6로 16 117~120호
스타벅스 미아사거리역점,서울 강북구 도봉로 32
스타벅스 문정하비오,서울 송파구 송파대로 111 204동 104~107호
스타벅스 신당역사거리점,서울 중구 다산로 258
스타벅스 숭실대입구역,서울 동작구 상도로 354
스타벅스 문래동점,서울 영등포구 선유로 64 대창타운빌 1층
스타벅스 서울교대점,서울 서초구 서초중앙로 64 1층
스타벅스 서교동사거리,서울 마포구 양화로 105
스타벅스 여의도공원R점,서울 영등포구 여의공원로 101
스타벅스 목동역점,서울 양천구 목동로 203
스타벅스 가양역점,서울 강서구 양천로 476
스타벅스 역삼역점,서울 강남구 테헤란로 145 우신빌딩 1층
스타벅스 낙성대역점,서울 관악구 남부순환로 1908
스타벅스 잠실대교남단R점,서울 송파구 송파대로 570 타워730 1층
스타벅스 연희동점,서울 서대문구 연희로 97
스타벅스 공덕점,서울 마포구 마포대로 130
스타벅스 삼청동점,서울 종로구 삼청로 111-1 1층
스타벅스 서울대역,서울 관악구 남부순환로 1817
스타벅스 서래마을입구점,서울 서초구 서래로 48
스타벅스 합정폴리스R점,서울 마포구 양화로 45
스타벅스 서초역점,서울 서초구 반포대로 118 1층
스타벅스 둔촌동점,서울 강동구 양재대로 1303 평원빌딩 1층
스타벅스 선정릉역,서울 강남구 봉은사로 407
스타벅스 도곡공원점,서울 강남구 도곡로 205
스타벅스 구의역,서울 광진구 아차산로 373
스타벅스 동묘앞역점,"서울 종로구 종로 344 101,201호"
스타벅스 가산디지털점,서울 금천구 가산디지털1로 168 우림라이온스벨리 B동 1층
스타벅스 청담공원점,서울 강남구 학동로 506 보라티알 빌딩 1층
스타벅스 가락본동점,서울 송파구 송파대로30길 13
스타벅스 순천향입구점,서울 용산구 대사관로 67
스타벅스 금천시흥점,서울 금천구 시흥대로 164
스타벅스 독산사거리점,서울 금천구 시흥대로 426
스타벅스 황학사거리점,서울 성동구 왕십리로 410 센트라스
스타벅스 국립중앙의료원점,서울 중구 을지로 251
스타벅스 압구정,서울 강남구 압구정로30길 17
스타벅스 영등포구청역점,서울 영등포구 국회대로 558
스타벅스 문정로데오점,서울 송파구 동남로 141
스타벅스 태릉입구역DT,서울 노원구 화랑로 469
스타벅스 압구정역점,"서울 강남구 압구정로 170 관영빌딩 지하1층, 1층"
스타벅스 학동사거리,서울 강남구 도산대로 328
스타벅스 종로3가점,서울 종로구 종로 113-1 1~4층
스타벅스 숙대입구역점,서울 용산구 한강대로 291 지하 1~3층
스타벅스 구로디지털타워점,서울 구로구 디지털로32길 30
스타벅스 상일동점,"서울 강동구 상일로10길 36 1,2층"
스타벅스 종로평창점,서울 종로구 평창12길 3
스타벅스 선유동이레빌딩점,서울 영등포구 선유동2로 57 이레빌딩
스타벅스 송파사거리점,서울 송파구 송파대로 386
스타벅스 방배역점,서울 서초구 방배로 84
스타벅스 상도역점,서울 동작구 상도로37길 1
스타벅스 상수역점,서울 마포구 독막로 88
스타벅스 남가좌사거리점,서울 서대문구 거북골로 84 104동
스타벅스 우장산역,"서울 강서구 강서로 267 송화쇼핑센터 1층,지하층"
스타벅스 사당로데오점,서울 서초구 방배천로 5-4
스타벅스 동여의도점,서울 영등포구 여의도동 43-4 롯데캐슬 아이비 1층 122호
스타벅스 신림점,서울 관악구 신림로 355-1
스타벅스 이수역사거리점,서울 서초구 서초대로 3-4
스타벅스 월계역점,서울 노원구 초안산로2라길 26 104~106호
스타벅스 삼성역섬유센터R점,서울 강남구 테헤란로 518
스타벅스 연신내점,서울 은평구 통일로 867
스타벅스 북촌로점,서울 종로구 북촌로4길 23 1층~3층
스타벅스 신촌명물거리점,서울 서대문구 명물길 24 1~5층
스타벅스 미아역점,서울 강북구 도봉로 196 1층
스타벅스 경희대삼거리점,서울 동대문구 회기로 141
스타벅스 주얼리시티점,서울 종로구 종로 183 주얼리시티 1층
스타벅스 갤러리아팰리스점,서울 송파구 올림픽로 212 갤리러아팰리스 1층
스타벅스 강남교보타워R점,서울 서초구 강남대로 465 1층
스타벅스 중앙대점,서울 동작구 흑석로 75-1
스타벅스 차병원사거리점,서울 강남구 봉은사로 213
스타벅스 신촌오거리점,서울 마포구 신촌로16길 10
스타벅스 서울역사점,서울 용산구 동자동 43-205
스타벅스 중랑역점,서울 중랑구 망우로30길 3
스타벅스 아차산역,서울 광진구 천호대로 676
스타벅스 정부서울청사R점,서울 종로구 새문안로5가길 28 광화문플래티넘 1층
스타벅스 종암점,서울 성북구 종암로 122
스타벅스 강남대로논현R점,서울 서초구 강남대로85길 5
스타벅스 창동이마트점,서울 도봉구 노해로65길 4
스타벅스 광나루,서울 광진구 아차산로 607
스타벅스 성수낙낙,서울 성동구 광나루로8길 31 성수SKV1 2동 1층 101호
스타벅스 도산가로수길점,서울 강남구 도산대로 134 2층
스타벅스 상암디지털큐브점,서울 마포구 상암산로 34 1층
스타벅스 신압구정점,서울 강남구 언주로174길 29
스타벅스 등촌,서울 강서구 공항대로 329 1층
스타벅스 교대점,서울 서초구 서초중앙로 118 KAIS빌딩
스타벅스 길동역점,서울 강동구 양재대로 1487
스타벅스 뱅뱅사거리점,서울 강남구 강남대로 282
스타벅스 마포용강동점,서울 마포구 토정로 295
스타벅스 한성대입구역점,서울 성북구 성북로 11
스타벅스 삼성교점,서울 강남구 영동대로86길 12 동남유화빌딩1층
스타벅스 상왕십리역,서울 성동구 왕십리로 382
스타벅스 가락시장역점,서울 송파구 중대로 121 롯데캐슬 파인힐1층
스타벅스 양천향교역,서울 강서구 강서로 463
스타벅스 논현역점,서울 서초구 강남대로 557
스타벅스 보라매대교점,서울 관악구 보라매로3길 23 대교눈높이보라매 센터 1층
스타벅스 서울타워점,서울 용산구 남산공원길 105 YTN서울타워 1층
스타벅스 강동역점,서울 강동구 천호대로 1089
스타벅스 영동2교점,서울 서초구 논현로 139 대흥빌딩
스타벅스 서강광흥창역점,서울 마포구 서강로 69
스타벅스 가산디지털단지역점,서울 금천구 벚꽃로 298
스타벅스 명일역점,서울 강동구 양재대로 1647
스타벅스 금천구청역점,서울 금천구 시흥대로73길 67 엠타워 112~115호
스타벅스 등촌역점,"서울 양천구 공항대로 566 1,2층"
스타벅스 한티역점,서울 강남구 도곡로 408 디마크빌딩 101호
스타벅스 대우재단빌딩점,서울 중구 퇴계로 18
스타벅스 남부터미널2점,서울 서초구 효령로 274
스타벅스 올림픽평화의문점,서울 송파구 위례성대로 38
스타벅스 압구정미소점,서울 강남구 논현로 841 1층
스타벅스 을지로4가역점,"서울 중구 을지로 170 118,119,202호"
스타벅스 이촌점,서울 용산구 이촌로 276
스타벅스 마포일진빌딩점,서울 마포구 마포대로 45 일진빌딩 1층
스타벅스 신당역,서울 중구 퇴계로 385 1층
스타벅스 동대입구역점,서울 중구 장충단로 166
스타벅스 은행사거리점,"서울 노원구 중계로 217 중흥빌딩 103,203호"
스타벅스 여의도KBS R점,서울 영등포구 의사당대로 26
스타벅스 구로디지털로점,서울 구로구 디지털로33길 11 에이스테크노타워 8차 1층
스타벅스 방이역점,서울 송파구 마천로 53 1~2층
스타벅스 명동중앙로점,서울 중구 명동길 60
스타벅스 강남GT타워점,서울 서초구 서초대로 411 GT타워
스타벅스 상암MBC점,서울 마포구 성암로 267 MBC신사옥 C1 경영센터
스타벅스 강서구청사거리점,서울 강서구 화곡로 350 1층 104~107호
스타벅스 연대동문점,서울 서대문구 성산로 565 연세재단 Y빌딩
스타벅스 효창공원앞역점,서울 용산구 효창동 287
스타벅스 영등포KT점,서울 영등포구 영중로 119
스타벅스 여의도호성점,서울 영등포구 여의대방로65길 24 호성빌딩1층
스타벅스 대학로점,서울 종로구 대학로 57 홍익대학교 대학로캠퍼스 1층
스타벅스 충무로역점,서울 중구 퇴계로 197 충무빌딩 1층
스타벅스 국회의사당역,서울 영등포구 의사당대로 8
스타벅스 염창역점,서울 강서구 공항대로 627 대신빌딩 1층
스타벅스 아크로힐스논현점,"서울 강남구 봉은사로 304 금강빌딩 1,2층"
스타벅스 방배로점,서울 서초구 방배로 52
스타벅스 강남구청정문점,서울 강남구 학동로 419
스타벅스 내방역점,서울 서초구 방배로 184 1~2층
스타벅스 독립문역점,서울 종로구 송월길 155
스타벅스 송파헬리오시티점,서울 송파구 송파대로 345 헬리오시티 단지상가 3A 16호~21호
스타벅스 중화역점,"서울 중랑구 봉화산로 35 1,2층"
스타벅스 마포아크로점,서울 마포구 마포대로 68 마포 아크로타워 118호
스타벅스 당산대로점,서울 영등포구 양평로 22
스타벅스 논현역사거리점,서울 강남구 강남대로 538
스타벅스 역삼초교사거리점,서울 강남구 역삼로 123
스타벅스 청계산입구역,서울 서초구 청계산로 203
스타벅스 성대입구점,서울 종로구 창경궁로 235
스타벅스 스탈릿대치R점,서울 강남구 남부순환로 2947 대원빌딩
스타벅스 경희대점,서울 동대문구 경희대로 16-1
스타벅스 방배,서울 서초구 방배로 211
스타벅스 서초우성사거리점,서울 서초구 강남대로 343
스타벅스 을지병원사거리점,서울 강남구 논현로 752
스타벅스 목동오목로점,서울 양천구 오목로 279
스타벅스 선유도역점,서울 영등포구 양평로 115
스타벅스 목동점,서울 양천구 목동서로 67
스타벅스 월곡역점,서울 성북구 화랑로 76 1층 101-1호
스타벅스 파라스파라서울점,서울 강북구 삼양로 689
스타벅스 외대정문점,서울 동대문구 이문로 93
스타벅스 동대문두타점,서울 중구 장충단로 275
스타벅스 숭실대점,서울 동작구 사당로 4
스타벅스 청량리역사점,서울 동대문구 왕산로 214 6층
스타벅스 남부터미널점,서울 서초구 서초중앙로 26 서초동 삼성 래미안 아파트 유니빌1층
스타벅스 당산역사거리점,서울 영등포구 양평로 47
스타벅스 외대점,서울 동대문구 휘경로 12-1
스타벅스 현대디큐브2F,서울 구로구 경인로 662
스타벅스 건국클래식,"서울 광진구 능동로 90 더클래식500 1층 C102,103호"
스타벅스 신촌역점,서울 서대문구 신촌로 73 1층
스타벅스 자양점,서울 광진구 능동로 50 이튼타워리버2차 상가 108호
스타벅스 송파아이파크,서울 송파구 법원로 55
스타벅스 하이브랜드점,서울 서초구 매헌로 16 하이브랜드 리빙관 101호
스타벅스 코엑스몰점,서울 강남구 영동대로 513 뉴코엑스몰 103호
스타벅스 숙대점,서울 용산구 청파로47길 57 1~3층
스타벅스 명동길점,서울 중구 명동10길 41
스타벅스 자양사거리,서울 광진구 아차산로 355 타워 더 모스트 아크로텔 1층
스타벅스 구파발사거리점,서울 은평구 진관3로 21 은평엘크루 101동 105-108호
스타벅스 명일이마트점,서울 강동구 동남로75길 5 별관 주차장
스타벅스 미아점,서울 성북구 동소문로 314
스타벅스 도곡역점,서울 강남구 남부순환로 2909
스타벅스 목동10단지점,서울 양천구 목동서로 401
스타벅스 SSG마켓도곡R점,서울 강남구 언주로30길 57 타워팰리스 F동 지하1층
스타벅스 서초역이화빌딩점,서울 서초구 반포대로21길 3
스타벅스 국기원사거리점,서울 강남구 테헤란로 125
스타벅스 한국프레스센터점,서울 중구 세종대로 124 Hi 1층
스타벅스 서초법원,서울 서초구 서초대로 274
스타벅스 장위뉴타운점,"서울 성북구 장월로38길 4 1,2층"
스타벅스 광운대점,서울 노원구 석계로 104
스타벅스 서강대점,서울 마포구 백범로 23 거구장컨벤션웨딩 1층
스타벅스 을지로내외빌딩R점,서울 중구 을지로 51 1층
스타벅스 여의도화재보험점,서울 영등포구 국제금융로6길 38
스타벅스 천호대로길동점,서울 강동구 천호대로 1131 거산유팰리스
스타벅스 강남우성점,서울 강남구 강남대로 328 강남역쉐르빌
스타벅스 남영동,서울 용산구 한강대로 275
스타벅스 종로관철점,서울 종로구 종로12길 21 2층
스타벅스 서울아트센터점,서울 서초구 남부순환로 2395 호경빌딩 1층
스타벅스 홍대역8번출구점,서울 마포구 양화로 166
스타벅스 구로고척점,서울 구로구 경인로 387
스타벅스 묵동점,서울 중랑구 동일로 952 로프트원오피스텔 1층
스타벅스 적선점,서울 종로구 새문안로5길 55 노스게이트빌딩 1층
스타벅스 압구정로점,서울 강남구 압구정로42길 32 1층
스타벅스 강남대로신사점,서울 서초구 강남대로 595
스타벅스 서초구청점,서울 서초구 남부순환로 2557
스타벅스 대치은마사거리점,서울 강남구 도곡로 457
스타벅스 구로에이스점,서울 구로구 디지털로 285 에이스트윈타워1 103호
스타벅스 명동입구점,서울 중구 남대문로 68-1
스타벅스 동국대점,서울 중구 서애로1길 11
스타벅스 올림픽대교북단,서울 광진구 광나루로 608
스타벅스 서강대흥역점,서울 마포구 백범로 89
스타벅스 대한상공회의소R점,서울 중구 세종대로 39
스타벅스 발산역사거리점,서울 강서구 공항대로 248
스타벅스 잠실푸르지오월드점,서울 송파구 올림픽로35가길 9
스타벅스 강남에비뉴점,서울 서초구 서초대로77길 62 강남역아이파크 1층 B102~B105호
스타벅스 삼성점,서울 강남구 테헤란로 443 애플트리타워 1층
스타벅스 삼선교점,서울 성북구 동소문로 10 1~2층
스타벅스 연세종합관점,서울 서대문구 연세로 50-1
스타벅스 중구저동점,서울 중구 수표로 34
스타벅스 서울세관사거리점,서울 강남구 언주로 650 한국건설기술인협회
스타벅스 샛강역점,서울 영등포구 여의대방로 376
스타벅스 구로NC,서울 구로구 구로중앙로 152
스타벅스 서울역서부점,서울 용산구 만리재로 202 풍림아이원 1층
스타벅스 등촌대로점,서울 강서구 공항대로 543 센터스퀘어 1층
스타벅스 올림픽아파트점,서울 송파구 양재대로 1220
스타벅스 선릉로점,서울 강남구 선릉로93길 22 대흥빌딩 1층
스타벅스 무교동점,서울 중구 무교로 21 코오롱빌딩 1층
스타벅스 경복궁사거리점,서울 종로구 율곡로 6 트윈트리타워 B동 101호
스타벅스 반포역점,서울 서초구 신반포로 257
스타벅스 교대법원점,서울 서초구 서초중앙로 164 1층
스타벅스 굽은다리역점,서울 강동구 양재대로 1568
스타벅스 역삼대로점,서울 강남구 테헤란로 211 한국고등교육재단빌딩1층
스타벅스 상일동역점,서울 강동구 고덕로 399
스타벅스 애오개역점,서울 마포구 마포대로 201
스타벅스 은평이마트점,서울 은평구 은평로 111 1층
스타벅스 이수자이점,서울 동작구 사당로 300
스타벅스 코엑스사거리점,서울 강남구 영동대로 616
스타벅스 을지로2가점,서울 중구 삼일대로 358
스타벅스 천호이마트,서울 강동구 천호대로 1015-14
스타벅스 동숭로아트점,서울 종로구 동숭길 110
스타벅스 서초동점,서울 서초구 남부순환로339길 64 현우빌딩1층
스타벅스 경희궁로점,서울 종로구 새문안로3길 15
스타벅스 하이테크시티점,서울 영등포구 경인로 775 에이스하이테크시티 1-105호
스타벅스 방배다이치빌딩점,서울 서초구 방배로 114
스타벅스 현대디큐브B2,서울 구로구 경인로 662 지하2층
스타벅스 아현역점,서울 서대문구 북아현동 1015 e편한세상신촌4단지 상가 1층
스타벅스 용산리첸시아점,서울 용산구 백범로 341 102동 1층
스타벅스 연세백양로점,서울 서대문구 연세로 50 지하1층
스타벅스 시청플러스점,서울 중구 을지로 19 삼성화재삼성빌딩 1층
스타벅스 상암YTN점,서울 마포구 상암산로 76 YTN뉴스퀘어 1층
스타벅스 구역삼사거리점,서울 강남구 논현로 401
스타벅스 아크플레이스,서울 강남구 테헤란로 142
스타벅스 센트럴F1점,서울 서초구 신반포로 176
스타벅스 남성역점,서울 동작구 사당로 219
스타벅스 명동역점,서울 중구 퇴계로 101
스타벅스 역삼럭키점,서울 강남구 도곡로 183
스타벅스 가산에스케이점,서울 금천구 가산디지털1로 171
스타벅스 청담영동대로점,서울 강남구 영동대로 720 원일빌딩 1층
스타벅스 가양이마트점,서울 강서구 양천로 559 1층
스타벅스 목동7단지점,서울 양천구 목동서로 213 세션비전프라자 1층 107호
스타벅스 뉴코아강남점,서울 서초구 잠원로 69 킴스클럽 1층
스타벅스 황학캐슬점,서울 중구 청계천로 400 이마트 1층
스타벅스 소공로북창점,"서울 중구 세종대로18길 32 1층,2층"
스타벅스 마포경찰서후문점,서울 마포구 마포대로 173-14
스타벅스 가산그레이트점,서울 금천구 디지털로9길 32 갑을 그레이트 밸리 1층
스타벅스 대치점,서울 강남구 도곡로 511
스타벅스 삼성현대힐점,서울 강남구 삼성로 605
스타벅스 몽촌토성역점,서울 송파구 위례성대로 6
스타벅스 이마빌딩점,서울 종로구 종로1길 42
스타벅스 용산해링턴스퀘어점,서울 용산구 서빙고로 17
스타벅스 스페이스본점,"서울 종로구 사직로8길 4 201동 109,110호"
스타벅스 대치한티,서울 강남구 선릉로 324
스타벅스 논현힐탑점,서울 강남구 논현로 648
스타벅스 서초파라곤점,서울 서초구 서초대로74길 29 서초파라곤 제1층 제106호
스타벅스 문화일보점,"서울 중구 새문안로 22 문화일보 1, 2층"
스타벅스 용산파크타워점,서울 용산구 서빙고로 67
스타벅스 가든파이브,서울 송파구 충민로 10 가든파이브툴
스타벅스 종로수송점,서울 종로구 종로5길 30
스타벅스 르네상스사거리점,서울 강남구 테헤란로 306 카이트타워 1층
스타벅스 건대스타시티,"서울 광진구 아차산로 272 1층 19,20,21호"
스타벅스 중곡점,서울 광진구 천호대로 549 1층
스타벅스 연대점,서울 서대문구 연세로 35 2~4층
스타벅스 삼성도심공항점,서울 강남구 테헤란로87길 33 지상 1층
스타벅스 새문안로점,"서울 종로구 새문안로 92 광화문 오피시아빌딩 1, 2층"
스타벅스 국회대로점,서울 영등포구 국회대로 786
스타벅스 올림픽훼미리점,서울 송파구 중대로 68 훼미리 샤르망 1층
스타벅스 영등포시장교차로점,서울 영등포구 영중로 45
스타벅스 숭례문북창점,서울 중구 세종대로12길 12
스타벅스 천호사거리,서울 강동구 올림픽로 651
스타벅스 서초중앙로점,"서울 서초구 서초중앙로 225 1,2층"
스타벅스 충정타워점,서울 서대문구 서소문로 21 1층
스타벅스 여의도의사당점,서울 영등포구 국회대로74길 12 남중빌딩 1층
스타벅스 가산브이타워점,서울 금천구 가산디지털1로 128
스타벅스 큰길타워,서울 강남구 테헤란로 223 큰길타워 1층
스타벅스 서소문로점,서울 중구 서소문로 120
스타벅스 여의도ABL타워점,서울 영등포구 의사당대로 147 여의도ABL타워 1층
스타벅스 이대ECC점,서울 서대문구 대현동 11-1 이화여자대학교 B415호
스타벅스 동숭길입구점,서울 종로구 대학로 146 혜화동씨티밸리 101호
스타벅스 대치역점,서울 강남구 남부순환로 2936 윈플러스상가 107호
스타벅스 연세세브란스점,서울 중구 통일로 10
스타벅스 회현역점,서울 중구 퇴계로 72 리더스뷰남산 1층
스타벅스 포스코사거리,서울 강남구 테헤란로 505 화진빌딩
스타벅스 을지로한국빌딩점,서울 중구 을지로 50 1층
스타벅스 충정로역점,서울 서대문구 충정로3가 470
스타벅스 예술의전당점,서울 서초구 남부순환로323길 1 1층
스타벅스 목동파라곤점,서울 양천구 목동서로 155 1층
스타벅스 소공로점,서울 중구 남대문로7길 19 삼영빌딩 1층
스타벅스 역삼아레나빌딩점,서울 강남구 언주로 425
스타벅스 역삼포스코점,서울 강남구 테헤란로 134 포스코 P&S타워 1층
스타벅스 대치삼성프라자점,서울 강남구 영동대로 237 1층
스타벅스 성수이마트,서울 성동구 뚝섬로 379
스타벅스 광화문우체국점,서울 종로구 종로 6 1층
스타벅스 숭례문점,서울 중구 세종대로 17 와이즈타워 1층
스타벅스 수서역사거리점,서울 강남구 광평로 280
스타벅스 태평로점,서울 중구 세종대로 72 대영빌딩 1층
스타벅스 마포이마트점,서울 마포구 백범로 212 대우월드마크 공덕이마트2층
스타벅스 여의도파크원R,서울 영등포구 여의대로 108
스타벅스 을지로삼화타워점,서울 중구 을지로5길 16 1층
스타벅스 압구정윤성빌딩점,서울 강남구 논현로 834
스타벅스 신사역성일빌딩점,서울 강남구 강남대로 584 성일빌딩 1층
스타벅스 광장점,서울 광진구 아차산로 537-17 광장힐스테이트아파트 상가동 14호
스타벅스 신촌아트레온점,"서울 서대문구 신촌로 129 1,2층"
스타벅스 여의도IFC몰(L1)R점,서울 영등포구 국제금융로 10
스타벅스 목동트라팰리스점,서울 양천구 오목로 299
스타벅스 봉은사로선정릉점,서울 강남구 봉은사로 446
스타벅스 서울양평역점,서울 영등포구 양평동1가 247 영등포중흥S클래스 상가 1층
스타벅스 종로구청,서울 종로구 삼봉로 71
스타벅스 봉은사역점,서울 강남구 봉은사로 619
스타벅스 W-mall점,서울 금천구 디지털로 188 B1
스타벅스 여의도한양증권점,서울 영등포구 국제금융로6길 7 한양증권빌딩 1층
스타벅스 목동행복한점,서울 양천구 목동동로 309
스타벅스 대한극장점,"서울 중구 퇴계로 212 1,2층"
스타벅스 드림마크원점,서울 구로구 디지털로31길 61 드림마크원데이터센터 1층
스타벅스 목동5단지점,서울 양천구 목동동로 411 부영그린타운3차 116호
스타벅스 명동남산점,서울 중구 퇴계로 132
스타벅스 여의도일신점,서울 영등포구 은행로 11
