Name,Addr,subway,distSubway
이디야커피랩,강남구,언주역 9호선,0.35474285853889237
이디야커피 신촌역점,서대문구,신촌역 2호선,0.21744827739709904
이디야커피 홍대중앙점,마포구,홍대입구역 2호선,0.3769899210329042
이디야커피 오목교대학학원점,양천구,오목교역 5호선,0.12313116272854907
이디야커피 역삼플래티넘점,강남구,강남역 2호선,0.27004020035420584
이디야커피 종로3가점,종로구,종로3가역 1호선,0.05576362685583339
이디야커피 청담역점,강남구,청담역 7호선,0.2750952374217914
이디야커피 마포구청점,마포구,마포구청역 6호선,0.11084335414806545
이디야커피 광화문점,종로구,광화문역 5호선,0.1001130965383141
이디야커피 강서구청점,강서구,우장산역 5호선,1.096366013537062
이디야커피 압구정로데오역점,강남구,압구정로데오역 수인분당선,0.3015371493414477
이디야커피 연신내역점,은평구,연신내역 3호선,0.08484065534645331
이디야커피 여의나루역점,영등포구,여의나루역 5호선,0.20143148047447693
이디야커피 고척사거리점,구로구,양천구청역 2호선,1.00063264807255
이디야커피 학동역점,강남구,강남구청역 7호선,0.7618865681248564
이디야커피 영등포본동점,영등포구,영등포역 1호선,0.19311066306140687
이디야커피 숙대입구역점,용산구,숙대입구역 4호선,0.16754591355523862
이디야커피 태릉입구역점,노원구,태릉입구역 7호선,0.24794387247464408
이디야커피 상왕십리역점,성동구,상왕십리역 2호선,0.046244255244386634
이디야커피 서울숲역점,성동구,서울숲역 수인분당선,0.23754806952806742
이디야커피 신논현역점,서초구,신논현역 9호선,0.17647630904423275
이디야커피 용두동사거리점,동대문구,제기동역 1호선,0.34499195476817546
이디야커피 강남구청역아이티웨딩점,강남구,강남구청역 7호선,0.10563874711654486
이디야커피 홍대청기와점,마포구,망원역 6호선,0.5106558394290661
이디야커피 면목본동점,중랑구,면목역 7호선,0.4844451253187363
이디야커피 동대문역점,종로구,동대문역 4호선,0.20175168893572046
이디야커피 신대방역점,관악구,신대방역 2호선,0.10264073890830878
이디야커피 마포공덕역점,마포구,공덕역 공항철도 10번출구,0.139781973914434
이디야커피 도산사거리점,강남구,강남구청역 7호선,0.5860085345450275
이디야커피 봉천역점,관악구,봉천역 2호선,0.03783172111293415
이디야커피 백련산아이파크점,은평구,응암역 6호선,0.44130876022312227
이디야커피 배봉초교사거리점,동대문구,사가정역 7호선,1.3735001762081818
이디야커피 대학로점,종로구,혜화역 4호선,0.10839678448312152
이디야커피 답십리역점,동대문구,답십리역 5호선,0.19175621594872494
이디야커피 북한산점,강북구,수유역 4호선,0.1377311983364415
이디야커피 총신대입구역점,동작구,이수역 7호선,0.2693459219888108
이디야커피 동원사거리점,중랑구,면목역 7호선,0.6033463610679404
이디야커피 연남동점,서대문구,홍대입구역 공항철도 3번출구,0.5018204930988748
이디야커피 마곡퀸즈파크9점,강서구,가양역 9호선,0.9687851440967131
이디야 송파풍납점,송파구,강동구청역 8호선,0.44184222643453247
이디야커피 신촌기차역점,서대문구,신촌역 경의중앙선,0.12176644216953675
이디야커피 동교중앙점,마포구,홍대입구역 공항철도 3번출구,0.19275143787524948
이디야커피 여의도역점,영등포구,여의도역 5호선,0.09509990336476737
이디야커피 홍은사거리점,서대문구,홍제역 3호선,0.7812195852248132
이디야커피 공덕점,마포구,공덕역 5호선,0.3322291380293502
이디야커피 중곡중앙점,광진구,군자역 5호선,0.22939652439690933
이디야커피 왕십리역점,성동구,왕십리역 2호선,0.26130881075487905
이디야커피 가락중앙점,송파구,경찰병원역 3호선,0.4320821088897694
이디야커피 남부터미널점,서초구,남부터미널역 3호선,0.3883547134351239
이디야커피 서울여대점,노원구,화랑대역 6호선,0.3730087939275788
이디야커피 신상도초교점,동작구,상도역 7호선,0.8582075368138228
이디야커피 북창동점,중구,시청역 2호선,0.18117992084857054
이디야커피 홍익대점,마포구,홍대입구역 2호선,0.3350566898976951
이디야커피 용산효창점,용산구,효창공원앞역 6호선,0.15143305605662116
이디야커피 석촌백제점,송파구,석촌역 8호선,0.15536781715999007
이디야커피 대림역점,영등포구,대림역 7호선 12번출구,0.06510232514853728
이디야커피 약수역점,중구,약수역 3호선,0.04626266329641207
이디야커피 석계중앙점,성북구,석계역 1호선,0.3505392712427531
이디야커피 명동역점,중구,명동역 4호선,0.1896768652914533
이디야커피 영등포중앙점,영등포구,영등포시장역 5호선,0.37656629759434174
이디야커피 사당점,동작구,구반포역 9호선,0.656911885415597
이디야커피 고척스카이돔점,구로구,개봉역 1호선,0.5681087139184978
이디야커피 삼성동점,강남구,석촌고분역 9호선,0.28294714557078965
이디야커피 선릉역점,강남구,삼성중앙역 9호선,0.8658446403947982
이디야커피 서일중앙점,중랑구,면목역 7호선,0.7753730609755723
이디야커피 삼각지점,용산구,신용산역 4호선,0.2955292841152533
이디야커피 사당중앙점,관악구,사당역 2호선,0.11043779137353879
이디야커피 장한평역점,성동구,장한평역 5호선,0.1761763992435793
이디야커피 동서울터미널점,광진구,강변역 2호선,0.25036078080123486
이디야커피 합정역사거리점,마포구,합정역 6호선,0.1480890581503746
이디야커피 역삼점,강남구,한티역 수인분당선,1.0908936609521167
이디야커피 신사역점,강남구,신사역 3호선,0.17919170856126798
이디야커피 서울대중앙점,관악구,서울대입구역 2호선,0.3230908579672924
이디야커피 망원중앙점,마포구,마포구청역 6호선,0.5857901269502569
이디야커피 응암오거리점,은평구,새절역 6호선,0.3393480362136608
이디야커피 합정동점,마포구,상수역 6호선,0.3587500306987462
이디야커피 청량리점,동대문구,청량리역 1호선,0.26424715799307164
이디야커피 성산점,마포구,마포구청역 6호선,0.8925183153433857
이디야커피 천호로데오점,강동구,천호역 5호선,0.10983698687451526
이디야커피 수락산역점,노원구,수락산역 7호선,0.216857457360003
이디야커피 광희동점,중구,동대문역사문화공원역 5호선,0.02404726169668785
이디야커피 삼성한전점,강남구,선릉역 2호선,0.24631263102163137
이디야커피 동대문점,중구,동대문역사문화공원역 2호선,0.22624734066917532
이디야커피 도봉산점,도봉구,도봉산역 1호선,0.2099915279694043
이디야커피 노들점,동작구,노들역 9호선,0.46003754490433185
이디야커피 서교동점,마포구,홍대입구역 경의중앙선,0.1481456011408262
이디야커피 망우중앙점,중랑구,망우역 경의중앙선,0.3344013623628391
이디야커피 당산중앙점,영등포구,영등포구청역 2호선,0.36016161246052947
이디야커피 발산역점,강서구,우장산역 5호선,0.9939652427919868
이디야커피 신림중앙점,관악구,신림역 2호선,0.28043063259264084
이디야커피 북가좌동점,서대문구,증산역 6호선,0.20237132201332372
이디야커피 방이역점,송파구,방이역 5호선,0.16214433577037987
이디야커피 고덕그라시움후문점,강동구,고덕역 5호선,1.0123517510919482
이디야커피 건대역점,광진구,건대입구역 2호선,0.0019973698878833182
이디야커피 도봉역점,도봉구,도봉역 1호선,0.2860240153781563
이디야커피 압구정점,강남구,압구정역 3호선,0.3607199287749601
이디야커피 신정역점,양천구,신정역 5호선,0.09343919454199764
이디야커피 당산역점,영등포구,당산역 9호선,0.056664775102572694
이디야커피 신림난곡점,관악구,신림역 2호선,1.611262460585882
이디야커피 마곡중앙점,강서구,마곡나루역 공항철도,0.7875994708272328
이디야커피 응암중앙점,은평구,새절역 6호선,0.4167081631523787
이디야커피 수유역점,강북구,수유역 4호선,0.06912538059306579
이디야커피 서울고속버스터미널점,서초구,고속터미널역 3호선,0.17794653869823987
이디야커피 건대로데오점,광진구,건대입구역 2호선,0.1308897974705575
이디야커피 시청점,중구,시청역 1호선,0.2292077740795385
이디야커피 숭실대점,동작구,숭실대입구역 7호선,1.0148743367202413
이디야커피 노원역2호점,노원구,노원역 4호선,0.04277958046760325
이디야커피 오류남부점,구로구,오류동역 1호선,0.32598073115827425
이디야 등촌중앙점,강서구,목동역 5호선,1.1290693749789282
이디야커피 가산오거리점,금천구,가산디지털단지역 7호선,0.1528088645871171
이디야커피 시흥대로점,금천구,구로디지털단지역 2호선,1.0418721178821617
이디야커피 보라매공원점,동작구,보라매역 7호선,0.4890938819948878
이디야커피 신월5동점,양천구,화곡역 5호선,1.2017117259490733
이디야커피 송파동점,송파구,석촌역 8호선,0.2570909222165338
이디야커피 개봉현대점,구로구,개봉역 1호선,0.4088360433588698
이디야커피 명지대점,서대문구,증산역 6호선,1.3876692454645847
이디야커피 오류북부역점,구로구,온수역 1호선,0.7456850921443802
이디야커피 한티역점,강남구,한티역 수인분당선,0.3423659777495498
이디야커피 강남대치점,강남구,구룡역 수인분당선,0.5561591241530375
이디야커피 역촌동점,은평구,구산역 6호선,0.858158879157423
이디야커피 혜화역점,종로구,혜화역 4호선,0.21947994693265815
이디야커피 까치산로점,강서구,증미역 9호선,0.8189023761589803
이디야커피 용산중앙점,용산구,용산역 1호선,0.39057476621235154
이디야커피 옥수역점,성동구,옥수역 3호선,0.23544243508181723
이디야커피 난곡사거리점,관악구,신대방역 2호선,0.7522649801483924
이디야커피 충정로역점,중구,충정로역 2호선,0.19614507774673542
이디야커피 한강공원로점,마포구,망원역 6호선,0.929155468402464
이디야커피 하계을지점,노원구,하계역 7호선,0.24172704390480376
이디야커피 수유사거리점,강북구,미아역 4호선,0.5320254807325683
이디야커피 길동사거리점,강동구,강동역 5호선,0.31633078060897707
이디야커피 동묘역점,종로구,동묘앞역 1호선,0.026613693112549762
이디야커피 구파발역점,은평구,구파발역 3호선,0.18950154183375534
이디야커피 송파잠실점,송파구,삼전역 9호선,0.3786677968335168
이디야커피 양재중앙점,서초구,양재역 3호선,0.15597588982388533
이디야커피 iBK고객센터점,용산구,한남역 경의중앙선,0.6436237610919346
이디야커피 올림픽북문점,강동구,둔촌동역 5호선,0.7457886367510785
이디야커피 삼전역점,송파구,삼전역 9호선,0.7332540219600133
이디야커피 신내동점,중랑구,양원역 경의중앙선,1.0108134016023322
이디야커피 청룡중앙점,관악구,봉천역 2호선,0.49938836318235436
이디야커피 신림패션문화점,관악구,신림역 2호선,0.6231451232546228
이디야커피 영등포구청점,영등포구,당산역 2호선,0.04440010946362837
이디야커피 연세대점,서대문구,신촌역 경의중앙선,0.43221832639489977
이디야커피 고대개운점,성북구,안암역 6호선,0.17821651602207156
이디야커피 대청역점,강남구,대청역 3호선,0.17191899206057226
이디야커피 동교동점,서대문구,홍대입구역 경의중앙선,0.15795696602564216
이디야커피 성산중앙점,마포구,홍대입구역 공항철도 3번출구,0.3934233825687714
이디야커피 선릉점,강남구,석촌고분역 9호선,0.10175113285204866
이디야커피 이화여대점,서대문구,신촌역 경의중앙선,0.46330096331573506
이디야커피 경복궁역점,종로구,경복궁역 3호선,0.46310068446627645
이디야커피 성신여대점,성북구,성신여대입구역 4호선,0.41359959350384295
이디야커피 신길역점,영등포구,신길역 1호선,0.2344625055954321
이디야커피 상계역사거리점,노원구,상계역 4호선,0.23576246552308627
이디야커피 관악구청점,관악구,서울대입구역 2호선,0.1736465819052065
이디야커피 합정LIG점,마포구,합정역 6호선,0.2788189845910248
이디야커피 강동구청점,강동구,강동구청역 8호선,0.22020329953728487
이디야커피 성신여대역점,성북구,성신여대입구역 4호선,0.1198460116858049
이디야커피 잠실나루역점,송파구,잠실역 8호선,0.6157329971382925
이디야커피 신대방삼거리점,동작구,신대방삼거리역 7호선,0.09447223068432407
이디야커피 남구로역점,구로구,남구로역 7호선,0.1567109302632769
이디야커피 군자역점,광진구,군자역 7호선 5번출구,0.15305741525570168
이디야커피 증산동점,은평구,증산역 6호선,0.2419080524635922
이디야커피 청구역점,중구,청구역 5호선,0.08377112314837382
이디야커피 우면동점,서초구,양재시민의숲역 신분당선,0.6411692698605961
이디야커피 도봉보건소사거리점,도봉구,창동역 1호선,0.9101678484396489
이디야커피 서대문점,서대문구,서대문역 5호선,0.17252160286164706
이디야커피 강남도산점,강남구,압구정역 3호선,0.7866653232538189
이디야커피 서울교대점,서초구,남부터미널역 3호선,0.35566080872959793
이디야커피 종각점,종로구,종각역 1호선,0.26931389211147116
이디야커피 가산리더스타워점,금천구,가산디지털단지역 7호선,0.2799322985605939
이디야커피 이수중앙점,동작구,남성역 7호선,0.15574670620415107
이디야커피 한국은행점,중구,회현역 4호선,0.30347377448054697
이디야커피 도림점,영등포구,신도림역 1호선,0.49995320866001
이디야커피 자양우성점,광진구,뚝섬유원지역 7호선,0.7757305074533161
이디야커피 월곡1동점,성북구,미아사거리역 4호선,0.3061361878229252
이디야커피 문정중앙점,송파구,문정역 8호선,0.49175050061798836
이디야커피 일원동점,강남구,대청역 3호선,0.4139522404786216
이디야커피 화랑대역점,중랑구,화랑대역 6호선,0.09561814235635754
이디야커피 갈현점,은평구,구산역 6호선,0.3450696838130245
이디야커피 망원역점,마포구,망원역 6호선,0.06789678718578838
이디야커피 공릉역점,노원구,공릉역 7호선,0.05096105229656327
이디야커피 신촌로터리점,마포구,신촌역 2호선,0.18613921037022055
이디야커피 장안동점,동대문구,장한평역 5호선,0.4477068322789127
이디야커피 상봉역점,중랑구,상봉역 7호선,0.16714750425956001
이디야커피 잠실본동점,송파구,삼전역 9호선,0.17566757441064862
이디야커피 용두동점,동대문구,용두역 2호선,0.30758422668099983
이디야커피 역삼중앙점,강남구,한티역 수인분당선,0.994187481469156
이디야커피 석촌사거리점,송파구,석촌역 8호선,0.4432010610200207
이디야커피 장승배기역점,동작구,장승배기역 7호선,0.16095537786919356
이디야커피 총신대점,동작구,낙성대역 2호선,1.0133835541732983
이디야커피 대치포스코점,강남구,석촌고분역 9호선,0.35072139705925687
이디야커피 신창점,도봉구,수유역 4호선,0.9634197976408221
이디야커피 월계인덕점,노원구,당고개역 4호선,0.15282678368789565
이디야커피 시흥사거리점,금천구,금천구청역 1호선,0.48759316538298075
이디야커피 보훈병원점,강동구,중앙보훈병원역 9호선,0.45844897119057587
이디야커피 신림미성점,관악구,신림역 2호선,1.7731080252417282
이디야커피 논골사거리점,성동구,신금호역 5호선,0.4054272743889044
이디야커피 중화역점,중랑구,중화역 7호선,0.15584191183068133
이디야커피 묵동자이점,중랑구,먹골역 7호선,0.33925624416466016
이디야커피 성북구청점,성북구,성신여대입구역 4호선,0.4587422603716178
이디야커피 구일역점,구로구,구일역 1호선,0.2414518528516933
이디야커피 교대역점,서초구,교대역 3호선,0.1566706023538098
이디야커피 무악재역점,서대문구,무악재역 3호선,0.10334048458035607
이디야커피 홍대학원가점,마포구,홍대입구역 경의중앙선,0.4855448581095139
이디야커피 송파하비오점,송파구,장지역 8호선,0.46421467599936134
이디야커피 삼각지역점,용산구,삼각지역 4호선,0.24100148668576502
이디야커피 천호역점,강동구,천호역 5호선,0.1309046680572204
이디야커피 당곡사거리점,관악구,신림역 2호선,0.5683196366444061
이디야커피 광나루점,광진구,광나루역 5호선,0.48668828057897495
이디야커피 선정릉역점,강남구,선정릉역 수인분당선,0.16424261109004112
이디야커피 마곡역점,강서구,가양역 9호선,0.9687851440967131
이디야커피 동부이촌동점,용산구,이촌역 경의중앙선,0.17517546637608195
이디야커피 응암역점,은평구,응암역 6호선,0.18896763536315284
이디야커피 송정역점,강서구,송정역 5호선,0.09193831898342655
이디야커피 정릉점,성북구,북한산보국문역 우이신설선,0.07793914098193953
이디야커피 우장산동점,강서구,우장산역 5호선,0.6756307917875626
이디야커피 상암한샘점,마포구,디지털미디어시티역 공항철도,0.17885795968077933
이디야커피 함지박사거리점,서초구,내방역 7호선,0.7096179391390535
이디야커피 서초점,서초구,서초역 2호선,0.10732895268395468
이디야커피 역삼충현점,강남구,언주역 9호선,0.4537336617196965
이디야커피 성수중앙점,성동구,성수역 2호선,0.14761491821677605
이디야커피 길음뉴타운점,성북구,길음역 4호선,0.823159037348851
이디야커피 서울대입구역점,관악구,서울대입구역 2호선,0.19424025151643953
이디야커피 종로르메이에르점,종로구,광화문역 5호선,0.284752242826007
이디야커피 보라매점,동작구,신림역 2호선,0.9331252505939884
이디야커피 녹두거리점,관악구,봉천역 2호선,1.375139368543913
이디야커피 마곡나루역점,강서구,마곡나루역 공항철도,0.23948972511576547
이디야커피 삼각산점,강북구,솔샘역 우이신설선,0.3724285191505021
이디야커피 상봉중앙점,중랑구,상봉역 7호선,0.1365481021681999
이디야커피 한국수출입은행점,영등포구,국회의사당역 9호선,0.4506738737000839
이디야커피 수서역점,강남구,수서역 3호선,0.07397981860685762
이디야커피 구산역점,은평구,구산역 6호선,0.10850588919339127
이디야커피 역촌진흥로점,은평구,응암역 6호선,0.3989984016408857
이디야커피 은평구청점,은평구,녹번역 3호선,0.5729111030734316
이디야 송파문정점,송파구,경찰병원역 3호선,0.6012878594400124
이디야커피 보문역점,성북구,보문역 6호선,0.10535206251557099
이디야커피 상도중앙점,동작구,상도역 7호선,0.488264713144655
이디야커피 사가정역점,중랑구,사가정역 7호선,0.3455743311861781
이디야커피 성동구청점,성동구,왕십리역 2호선,0.20270207162234488
이디야커피 신설점,종로구,신설동역 1호선,0.3442898171316422
이디야커피 중랑역점,중랑구,중랑역 경의중앙선,0.191224970089753
이디야커피 강남논현학동점,강남구,논현역 7호선,0.6530756893459208
이디야커피 문래역점,영등포구,문래역 2호선,0.31399925493231506
이디야커피 촬영소사거리점,동대문구,장한평역 5호선,1.2770792633050716
이디야커피 먹골역점,중랑구,먹골역 7호선,0.13844135577862737
이디야커피 불광연서로점,은평구,연신내역 3호선,0.4179314643520069
이디야커피 잠원논현점,서초구,논현역 7호선,0.13662078583006337
이디야커피 포이사거리점,강남구,매봉역 3호선,0.9432365595114326
이디야커피 중랑교차로점,중랑구,중랑역 경의중앙선,0.5238573967843364
이디야커피 창덕궁점,종로구,종로3가역 5호선,0.12185591720364071
이디야커피 강서한강자이점,강서구,양천향교역 9호선,0.5150612049173368
이디야커피 신도림메르디앙점,구로구,도림천역 2호선,0.5461016244024282
이디야커피 동자동점,용산구,서울역 4호선,0.20518896361037117
이디야커피 동대문구청점,동대문구,용두역 2호선,0.23450319342529757
이디야커피 봉천중앙점,관악구,서울대입구역 2호선,0.509489539964899
이디야커피 신길썬프라자점,영등포구,신풍역 7호선,0.8118626244820157
이디야커피 용산청파점,용산구,서울역 공항철도,0.10302048958397685
이디야커피 방이초교점,송파구,송파나루역 9호선,0.6691715941200191
이디야커피 사당역점,동작구,사당역 2호선,0.3492296541153739
이디야커피 대방역점,동작구,노들역 9호선,0.15887533761285066
이디야커피 고대구로병원점,구로구,남구로역 7호선,0.7978484620565417
이디야커피 구의동점,광진구,구의역 2호선,0.4721421833106081
이디야커피 신당점,중구,신당역 2호선,0.25400279622907257
이디야커피 방학중앙점,도봉구,방학역 1호선,0.8055667737516862
이디야커피 개포동역점,강남구,개포동역 수인분당선,0.11218636383016413
이디야커피 양재AT점,서초구,양재시민의숲역 신분당선,0.20045422015761694
이디야커피 길동중앙점,강동구,길동역 5호선,0.5451020506757087
이디야커피 암사3동점,강동구,명일역 5호선,0.4951110117822524
이디야커피 오목교역점,양천구,오목교역 5호선,0.17033404456438309
이디야커피 애오개역점,마포구,애오개역 5호선,0.15346483865558538
이디야커피 신금호역점,성동구,신금호역 5호선,0.1194093383409225
이디야커피 천호초교사거리점,강동구,굽은다리역 5호선,0.7351091279597306
이디야커피 자양동점,광진구,아차산역 5호선,0.3959955432469017
이디야커피 을지로3가점,중구,을지로3가역 2호선,0.11233893251330869
이디야커피 화곡로점,강서구,화곡역 5호선,0.3862222055310016
이디야커피 곰달래사거리점,강서구,목동역 5호선,0.7733232698206607
이디야커피 신림역점,관악구,신림역 2호선,0.22828294272729358
이디야커피 공덕롯데캐슬점,마포구,공덕역 5호선,0.06984671626468755
이디야커피 충무로점,중구,충무로역 3호선,0.1685803934813967
이디야커피 당고개역점,노원구,당고개역 4호선,0.09638681870407982
이디야커피 뚝섬역점,성동구,뚝섬역 2호선,0.12572831203991472
이디야커피 미아중앙점,강북구,미아사거리역 4호선,0.9177986903858479
이디야커피 구로역광장점,구로구,구로역 1호선,0.12251217503088445
이디야커피 돌곶이역점,성북구,돌곶이역 6호선,0.08187853711837442
이디야커피 창동역점,도봉구,창동역 4호선 1번출구,0.11544719170566031
이디야커피 개봉역점,구로구,개봉역 1호선,0.05344434826634039
이디야커피 천호중앙점,강동구,천호역 5호선,0.18951893506705547
이디야커피 연신내중앙점,은평구,연신내역 3호선,0.26472628535912196
이디야커피 국회의사당역점,영등포구,국회의사당역 9호선,0.0859015062659905
이디야커피 망리단길점,마포구,망원역 6호선,0.4407991878585017
이디야커피 목동남부점,양천구,양천구청역 2호선,0.43172529109941976
이디야커피 숭인점,종로구,신설동역 1호선,0.27819820877732016
이디야커피 미아역점,강북구,미아역 4호선,0.32468485013275555
이디야커피 장안중앙점,동대문구,사가정역 7호선,1.1852840811889054
이디야커피 다동점,중구,을지로입구역 2호선,0.19707651257996875
이디야커피 종로교차로점,종로구,종로5가역 1호선,0.044892078915993214
이디야커피 신사점,강남구,신사역 3호선,0.13272613524187574
이디야커피 공릉중앙점,노원구,화랑대역 6호선,0.48053361356201324
이디야커피 가재울점,서대문구,디지털미디어시티역 6호선,1.0366562984219712
이디야커피 대흥역점,마포구,서강대역 경의중앙선,0.8396577450077669
이디야커피 종합운동장역점,송파구,잠실새내역 2호선,0.44718204355253643
이디야커피 KBS별관점,영등포구,샛강역 9호선,0.30887186778906955
이디야커피 텐즈힐점,성동구,신설동역 1호선,0.4337148606161926
이디야커피 노원사거리점,노원구,노원역 7호선,0.08116711457966778
이디야커피 강남YMCA점,강남구,언주역 9호선,0.30153795993574484
이디야커피 삼양사거리점,강북구,솔샘역 우이신설선,0.7320437625814243
이디야커피 구의사거리점,광진구,구의역 2호선,0.8356584243670504
이디야커피 마들역점,노원구,마들역 7호선,0.1974824821102838
이디야커피 응봉동점,성동구,옥수역 3호선,0.5553356069568897
이디야커피 해군회관점,동작구,보라매역 7호선,0.5051591772965535
이디야커피 마곡파인스퀘어점,강서구,마곡나루역 공항철도,0.821196804447674
이디야커피 신월신곡시장점,양천구,신정네거리역 2호선,0.9683034789268148
이디야커피 방학사거리점,도봉구,방학역 1호선,0.24331193487607786
이디야커피 왕십리비트플렉스점,성동구,왕십리역 2호선,0.06416376855190004
이디야커피 4.19사거리점,강북구,가오리역 우이신설선,0.730735333893261
이디야커피 등촌동점,강서구,등촌역 9호선,0.12038762250490588
이디야커피 양천구청점,양천구,양천구청역 2호선,0.42947204275667755
이디야커피 회기역중앙점,동대문구,회기역 1호선,0.0726209727033048
이디야커피 구로NC점,구로구,구로역 1호선,0.2860537210060527
이디야커피 구로미성점,구로구,구로역 1호선,0.6296895416463228
이디야커피 송파파인타운점,송파구,장지역 8호선,0.08295360725846697
이디야커피 마장역점,성동구,마장역 5호선,0.24847425361927475
이디야커피 서초역점,서초구,서초역 2호선,0.5939034415644596
이디야커피 예술의전당점,서초구,남부터미널역 3호선,0.4566175572391967
이디야커피 포이점,서초구,양재시민의숲역 신분당선,0.83249029109962
이디야커피 노량진CTS점,동작구,노량진역 9호선,0.25248421425277273
이디야커피 신도림테크노마트점,구로구,신도림역 1호선,0.19248382374905804
이디야커피 상수역점,마포구,상수역 6호선,0.17583636661592744
이디야커피 신림대학동점,관악구,봉천역 2호선,1.4467669118423458
이디야커피 까치산역점,강서구,까치산역 5호선,0.13444081194088844
이디야커피 홍제역점,서대문구,홍제역 3호선,0.049153685230618624
이디야커피 장안동사거리점,동대문구,용마산역 7호선,1.0945759653607323
이디야커피 중계점,노원구,중계역 7호선,0.3306841311725427
이디야커피 상계동점,노원구,상계역 4호선,0.7488638392888526
이디야커피 양재점,서초구,양재역 3호선,0.24638970804057717
이디야커피 석관동점,성북구,신이문역 1호선,0.4665509800467947
이디야커피 신월사거리점,양천구,화곡역 5호선,1.2137283805520125
이디야커피 쌍문역점,도봉구,쌍문역 4호선,0.06728673261431029
이디야커피 상암우리기술점,마포구,디지털미디어시티역 경의중앙선,1.1316032136491485
이디야커피 양평동2가점,영등포구,양평역 5호선,0.19531609459957
이디야커피 상암DMC점,마포구,디지털미디어시티역 공항철도,0.8712622980937441
이디야커피 성수아카데미점,성동구,성수역 2호선,0.09868037835414499
이디야커피 만리동고개점,중구,충정로역 2호선,0.48535219153147063
이디야커피 원효로점,용산구,남영역 1호선,0.22151004282105147
이디야커피 을지병원사거리점,강남구,압구정역 3호선,0.7826030981762633
이디야커피 답십리로데오점,성동구,답십리역 5호선,0.33432499104432
이디야커피 창동현대타운점,도봉구,쌍문역 4호선,0.17866062110574787
이디야커피 광화문트윈트리타워점,종로구,종로3가역 5호선,0.4188725529927694
이디야커피 영등포그랜드점,영등포구,양평역 5호선,0.1991617504183263
이디야커피 탑골공원점,종로구,종로3가역 5호선,0.19049079462235205
이디야커피 공항시장역점,강서구,공항시장역 9호선,0.07362137323582903
이디야커피 구로에이스점,구로구,구로디지털단지역 2호선,0.5657923502499833
이디야커피 돈암동점,성북구,성신여대입구역 4호선,0.13112004082332498
이디야커피 도봉구청점,도봉구,방학역 1호선,0.1041374926596621
이디야커피 낙원동점,종로구,종로3가역 5호선,0.21673279430562672
이디야커피 순천향병원점,용산구,한남역 경의중앙선,0.539087536178337
이디야커피 금란망우점,중랑구,양원역 경의중앙선,0.8394041573227127
이디야커피 개봉북부점,구로구,개봉역 1호선,0.18304923821696398
이디야커피 마포데시앙점,마포구,공덕역 6호선,0.2387085498525015
이디야커피 은행나무사거리점,금천구,금천구청역 1호선,1.238103677757908
이디야커피 강남자곡점,강남구,수서역 3호선,1.5457334276222623
이디야커피 증미한화점,강서구,증미역 9호선,0.203909705375249
이디야커피 한성대점,성북구,한성대입구역 4호선,0.4252178900525679
이디야커피 방학점,도봉구,방학역 1호선,1.0882537981157294
이디야커피 장위북서울꿈의숲점,성북구,미아사거리역 4호선,1.2759813163413558
이디야커피 광산사거리점,강북구,수유역 4호선,0.502004218505696
이디야커피 하월곡동점,성북구,월곡역 6호선,0.40298408427533483
이디야커피 강일점,강동구,고덕지하철차량기지,1.1409805336716228
이디야커피 미아삼거리역점,강북구,미아사거리역 4호선,0.20424444182693297
이디야커피 선덕고사거리점,도봉구,쌍문역 4호선,1.1137237400373903
이디야커피 국민대점,성북구,정릉역 우이신설선,0.47440015908221966
이디야커피 석촌역점,송파구,석촌역 8호선,0.05464670610783235
이디야커피 서울공진초교점,강서구,우장산역 5호선,0.7309007469414691
이디야커피 방배역점,서초구,방배역 2호선,0.10087306023036961
이디야커피 종암동점,성북구,월곡역 6호선,0.670993312096003
이디야커피 황학롯데캐슬점,중구,동묘앞역 6호선,0.49169309925642074
이디야커피 종로4가점,종로구,종로5가역 1호선,0.456150691293467
이디야커피 신림남부초교점,관악구,신림역 2호선,0.7043988865955705
이디야커피 우이역도선사점,강북구,솔밭공원역 우이신설선,0.7348980251516486
이디야커피 어린이대공원역점,광진구,어린이대공원역 7호선,0.19001372098407618
이디야커피 전농사거리점,동대문구,청량리역 경의중앙선,1.041121495253173
이디야커피 중앙대점,동작구,흑석역 9호선,0.5237039446224421
이디야커피 은행사거리점,노원구,상계역 4호선,1.2422434506542561
이디야커피 쌍문동점,도봉구,쌍문역 4호선,0.667727084364086
이디야커피 한성대역점,성북구,한성대입구역 4호선,0.2595779604764707
이디야커피 회기역점,동대문구,회기역 경의중앙선 2번출구,0.18604812028266773
이디야커피 이문점,동대문구,회기역 1호선,0.2709638661592907
이디야커피 박미삼거리점,금천구,구로디지털단지역 2호선,0.9774806045735602
이디야커피 중화동점,중랑구,중화역 7호선,0.3025078331499723
이디야커피 광진구청점,광진구,구의역 2호선,0.6698479573068875
이디야커피 마곡대방디엠씨티점,강서구,양천향교역 9호선,0.5150612049173368
이디야커피 목동역점,양천구,목동역 5호선,0.22555906123407918
이디야커피 석계역점,노원구,석계역 1호선,0.11832209294017756
이디야커피 종로타워점,종로구,종각역 1호선,0.07151948615741138
이디야커피 창신동점,종로구,동대문역 1호선,0.15563296005110394
이디야 인헌점,관악구,총신대입구역 4호선,0.7533328983782572
이디야커피 중계롯데우성점,노원구,중계역 7호선,0.8183132185467497
이디야커피 YTN점,중구,서울역 1호선,0.14467952622559166
이디야커피 오장동점,중구,을지로4가역 2호선,0.3810149172554779
이디야커피 목4동점,양천구,염창역 9호선,1.1613449436428933
이디야커피 장한평 군자초교점,동대문구,장한평역 5호선,0.30509168794418895
이디야커피 구산사거리점,은평구,구산역 6호선,0.5193762557748273
이디야커피 월곡동아점,성북구,상월곡역 6호선,0.2320536200290295
이디야커피 상계역점,노원구,상계역 4호선,0.23447665207455248
이디야커피 문정문현점,송파구,장지역 8호선,0.2755668110400811
이디야커피 서초법조타운점,서초구,양재역 3호선,0.22226899421095353
이디야커피 쌍문중앙점,도봉구,쌍문역 4호선,0.36734142453376883
이디야커피 강서NC점,강서구,양천향교역 9호선,1.0471512265825345
이디야커피 신정네거리역점,양천구,신정역 5호선,0.3600721207279185
이디야커피 중곡대원점,광진구,중곡역 7호선,0.3221520199676912
이디야커피 세광교회점,금천구,금천구청역 1호선,1.018561024534845
이디야커피 목3동점,양천구,등촌역 9호선,0.5182483412146541
이디야커피 신림신원점,관악구,신림역 2호선,0.40485517635146123
이디야커피 충무로3가점,중구,충무로역 3호선,0.31756021451685923
이디야커피 신길아이파크점,영등포구,신풍역 7호선,0.5450896997535937
이디야커피 역삼월드점,강남구,한티역 수인분당선,0.5069512343813751
이디야커피 올림픽공원점,송파구,한성백제역 9호선,0.38207827727611676
이디야커피 송파한양점,송파구,송파역 8호선,0.46221382919682197
이디야커피 강동역점,강동구,강동역 5호선,0.36159407462790266
이디야커피 답십리파크자이점,동대문구,외대앞역 1호선,0.3825607864601501
이디야커피 가재울중앙점,서대문구,디지털미디어시티역 6호선,0.7486378274581882
이디야커피 보라매역점,영등포구,보라매역 7호선,0.0593451211004062
이디야커피 중앙대후문점,동작구,상도역 7호선,0.31657803648116906
이디야커피 도림사거리점,영등포구,신풍역 7호선,0.9682789121789188
이디야커피 하계온천점,노원구,하계역 7호선,0.6715290382823189
이디야커피 방화동로점,강서구,신방화역 9호선,0.3534607033867589
이디야커피 상도역점,동작구,상도역 7호선,0.19103575776711273
이디야커피 낙성대역점,관악구,낙성대역 2호선,0.14102341944055566
이디야커피 서울과학기술대점,노원구,공릉역 7호선,0.5093030447774577
이디야커피 선릉사거리점,강남구,삼성중앙역 9호선,0.6450168177067688
이디야커피 개롱역점,송파구,개롱역 5호선,0.20139311066234095
이디야커피 동소문동점,성북구,성신여대입구역 4호선,0.358828847964434
이디야커피 중림점,중구,충정로역 2호선,0.41292489405242433
이디야커피 CBS본사점,양천구,오목교역 5호선,0.4053988867672253
이디야커피 중계중앙점,노원구,노원역 4호선,0.9984659960621808
이디야커피 서울시립대점,동대문구,청량리역 경의중앙선,0.7517982697823342
이디야커피 상암KBS점,마포구,디지털미디어시티역 공항철도,0.38491776171677694
이디야커피 신림문화교점,관악구,신림역 2호선,0.6792500061469176
이디야커피 정릉중앙점,성북구,정릉역 우이신설선,0.82382250978368
이디야커피 신길중앙점,영등포구,신길역 1호선,0.5437122214271352
이디야 가양역점,강서구,가양역 9호선,0.19256729728944152
이디야커피 신정서부점,양천구,신정네거리역 2호선,1.509768992231131
이디야커피 양재언남점,서초구,양재시민의숲역 신분당선,0.6533691764365909
이디야커피 남성역점,동작구,남성역 7호선,0.6734318529911004
이디야커피 가산월드점,금천구,가산디지털단지역 7호선,0.4988885311965287
이디야커피 중곡역점,광진구,중곡역 7호선,0.05113080432854636
이디야커피 청담사거리점,강남구,청담역 7호선,0.6539922855983591
이디야커피 위례아이파크점,송파구,장지역 8호선,1.020122735017418
이디야커피 마포점,마포구,마포역 5호선,0.3400353133670986
이디야커피 회현SK리더스점,중구,회현역 4호선,0.2946080336409503
이디야커피 용산후암점,용산구,서울역 4호선,0.5826329104082175
이디야커피 정릉뉴타운점,성북구,길음역 4호선,0.6050754355261768
이디야커피 충무필동점,중구,충무로역 3호선,0.1657525252613836
이디야커피 역촌사거리점,은평구,구산역 6호선,0.4317607138223569
이디야커피 봉일시장점,관악구,서울대입구역 2호선,0.8309202523128867
이디야커피 구반포역점,서초구,구반포역 9호선,0.3435235276058292
이디야커피 노원중앙점,노원구,노원역 4호선,0.4463197620512396
이디야커피 돈암아리랑점,성북구,성신여대입구역 4호선,0.7683965418445269
이디야커피 난향동점,관악구,금천구청역 1호선,2.2647712480468045
이디야커피 장위뉴타운점,성북구,돌곶이역 6호선,0.9664546091696063
이디야커피 연대서문점,서대문구,신촌역 경의중앙선,0.8674402648567292
이디야커피 동덕여대점,성북구,월곡역 6호선,0.26510041538514406
이디야커피 성수2가점,성동구,성수역 2호선,0.8465898729654276
이디야커피 목동로데오점,양천구,목동역 5호선,0.2524925265195109
이디야커피 시흥동점,금천구,금천구청역 1호선,0.9199927833593307
이디야커피 중곡신성점,광진구,아차산역 5호선,0.4771311146667739
이디야커피 서울삼성내과점,송파구,종합운동장역 2호선,0.31356847813999905
이디야커피 정동점,중구,서대문역 5호선,0.287752380206189
이디야커피 신길성애병원점,영등포구,대방역 1호선,0.4498015020059584
이디야커피 용산원효점,용산구,마포역 5호선,0.591877767751716
이디야커피 경희대점,동대문구,회기역 1호선,0.3362563056729836
이디야커피 오벨리스크점,마포구,마포역 5호선,0.48892906056832003
이디야커피 독립문역점,종로구,독립문역 3호선,0.18338451257105157
이디야커피 수유1동점,강북구,삼양사거리역 우이신설선,0.2656632929711158
이디야커피 대림성모점,동작구,신대방역 2호선,0.5363932055915863
이디야커피 강남세곡점,강남구,복정역 8호선,1.0034482811310022
이디야커피 충무아트홀점,중구,신당역 2호선,0.23395893439501575
이디야커피 명일중앙점,강동구,굽은다리역 5호선,0.2371930067101072
이디야커피 길동역점,강동구,길동역 5호선,0.14206587635832643
이디야커피 삼성중앙점,강남구,삼성중앙역 9호선,0.04865569696952998
이디야커피 거여점,송파구,거여역 5호선,0.21503355243621322
이디야커피 세종로점,중구,광화문역 5호선,0.27887147223033
이디야커피 가산두산위브점,금천구,독산역 1호선,1.061571831220479
이디야커피 종로삼일대로점,종로구,종로3가역 1호선,0.3735717193707689
이디야커피 신촌숲아이파크점,마포구,서강대역 경의중앙선,0.22608088180011526
이디야커피 광운대점,노원구,광운대역 1호선,0.6652881814070417
이디야커피 건대후문점,광진구,어린이대공원역 7호선,0.16410644292622836
이디야커피 불광중앙점,은평구,불광역 3호선,0.28200839568452
이디야커피 용문점,용산구,효창공원앞역 6호선,0.40418433626756817
이디야커피 마곡헤리움점,강서구,우장산역 5호선,0.7309007469414691
이디야커피 우림시장점,중랑구,망우역 경의중앙선,0.8457617372757641
이디야커피 방학역점,도봉구,방학역 1호선,0.41799481023155177
이디야커피 불광역점,은평구,독바위역 6호선,0.520596108008018
이디야커피 문정테라타워점,송파구,문정역 8호선,0.3112637163447724
이디야커피 외대점,동대문구,외대앞역 1호선,0.2396187988627457
이디야커피 노원KT점,노원구,노원역 4호선,0.17142886279989053
이디야커피 성공회대점,구로구,온수역 7호선,0.5269584852475215
이디야커피 염창동점,강서구,염창역 9호선,0.4895332548534217
이디야커피 서울고교점,서초구,방배역 2호선,0.76092726432676
이디야커피 번동점,강북구,미아역 4호선,1.3380242547502526
이디야커피 상일리엔파크점,강동구,강일역 5호선,0.9342192001795951
