Name,Addr,ediya,distEdiya,subway,distSubway
스타벅스 강남R점,강남구,이디야커피 역삼플래티넘점,0.316124371326413,역삼역 2호선,0.0444955278275907
스타벅스 청담스타R점,강남구,이디야커피 압구정로데오역점,0.366625088527864,압구정로데오역 수인분당선,0.468393169249154
스타벅스 압구정로데오역점,강남구,이디야커피 역삼점,0.161188954017839,한티역 수인분당선,0.953009284330935
스타벅스 수서역R,강남구,이디야커피 수서역점,0.101627138272426,수서역 3호선,0.12789344600225
스타벅스 청담사거리점,강남구,이디야커피 청담사거리점,0.335935459799528,청담역 7호선,0.679213104005622
스타벅스 스타필드코엑스몰 R점,강남구,이디야커피 삼성동점,0.385616985092169,선릉역 2호선,0.299677361349788
스타벅스 신사가로수점,강남구,이디야커피 압구정점,0.348386151851276,압구정역 3호선,0.0542620017366862
스타벅스 강남대로점,강남구,이디야커피 신논현역점,0.318638533712798,신논현역 9호선,0.174241203585543
스타벅스 신사역점,강남구,이디야커피 신사점,0.110878889116083,신사역 3호선,0.035755599370734
스타벅스 양재강남빌딩R점,강남구,이디야커피 서초법조타운점,0.191198641997604,양재역 3호선,0.299277939713269
스타벅스 선릉세화빌딩점,강남구,이디야커피 선릉역점,0.267822788267078,석촌고분역 9호선,0.675118971853975
스타벅스 포이점,강남구,이디야커피 포이사거리점,0.150867016430846,매봉역 3호선,1.02729568873023
스타벅스 강남오거리점,강남구,이디야커피 신논현역점,0.466693961114329,신논현역 9호선,0.31559942140636
스타벅스 선릉역점,강남구,이디야커피 선릉역점,0.0313707795251034,석촌고분역 9호선,0.8491193667246
스타벅스 강남비젼타워점,강남구,이디야커피 역삼플래티넘점,0.396418196595886,역삼역 2호선,0.0703253249180922
스타벅스 청담점,강남구,이디야커피 청담사거리점,0.118158134082729,청담역 7호선,0.585987990140899
스타벅스 강남구청역점,강남구,이디야커피 강남구청역아이티웨딩점,0.0795131357897841,강남구청역 7호선,0.0641806847350375
스타벅스 학여울역점,강남구,이디야커피 대청역점,0.908391461244877,학여울역 3호선,0.316207145523736
스타벅스 선릉동신빌딩R점,강남구,이디야커피 선릉사거리점,0.216903944653761,석촌고분역 9호선,0.628608028791557
스타벅스 가로수길점,강남구,이디야커피 압구정점,0.497292645795557,압구정역 3호선,0.154320830004164
스타벅스 학동역점,강남구,이디야커피 학동역점,0.211968638670853,언주역 9호선,0.849360181805485
스타벅스 압구정R점,강남구,이디야커피 압구정로데오역점,0.506670872334079,압구정로데오역 수인분당선,0.755159732307522
스타벅스 역삼역점,강남구,이디야커피 역삼충현점,0.364168955256731,역삼역 2호선,0.670510777718036
스타벅스 선정릉역,강남구,이디야커피 선정릉역점,0.210555494192002,선정릉역 수인분당선,0.0775246751914773
스타벅스 도곡공원점,강남구,이디야커피 역삼점,0.309056921076818,매봉역 3호선,0.83017722655666
스타벅스 청담공원점,강남구,이디야커피 삼성동점,0.609237580601388,선릉역 2호선,0.504640710915076
스타벅스 압구정,강남구,이디야커피 압구정점,0.290489726789876,압구정역 3호선,0.635897107511862
스타벅스 압구정역점,강남구,이디야커피 압구정점,0.245584164040613,압구정역 3호선,0.544370111113438
스타벅스 학동사거리,강남구,이디야커피 도산사거리점,0.290437876807463,강남구청역 7호선,0.649018231146997
스타벅스 삼성역섬유센터R점,강남구,이디야커피 삼성동점,0.13206537809901,선릉역 2호선,0.262634063169328
스타벅스 차병원사거리점,강남구,이디야커피 강남YMCA점,0.213243036638008,언주역 9호선,0.116358968525608
스타벅스 도산가로수길점,강남구,이디야커피 신사점,0.158684276090725,신사역 3호선,0.284270181448413
스타벅스 신압구정점,강남구,이디야커피 압구정로데오역점,0.221188815826262,압구정로데오역 수인분당선,0.449921738908683
스타벅스 뱅뱅사거리점,강남구,이디야커피 양재점,0.494794406599307,양재역 3호선,0.426354475901821
스타벅스 삼성교점,강남구,이디야커피 삼성한전점,0.279904311845879,선릉역 2호선,0.222659605210374
스타벅스 한티역점,강남구,이디야커피 한티역점,0.162687558510477,한티역 수인분당선,0.2119874524325
스타벅스 압구정미소점,강남구,이디야커피 압구정점,0.119103554495549,압구정역 3호선,0.442034430625646
스타벅스 아크로힐스논현점,강남구,이디야커피 선정릉역점,0.208774959327776,선정릉역 수인분당선,0.354946228046583
스타벅스 강남구청정문점,강남구,이디야커피 청담역점,0.3418714633327,강남구청역 7호선,0.430265722593908
스타벅스 논현역사거리점,강남구,이디야커피 잠원논현점,0.203375223583663,논현역 7호선,0.12145149854444
스타벅스 역삼초교사거리점,강남구,이디야커피 역삼플래티넘점,0.269393429428506,강남역 2호선,0.535764546777245
스타벅스 스탈릿대치R점,강남구,이디야커피 삼성동점,0.31059428253304,선릉역 2호선,0.133434265338878
스타벅스 을지병원사거리점,강남구,이디야커피 을지병원사거리점,0.0745066910391398,압구정역 3호선,0.752357988083625
스타벅스 코엑스몰점,강남구,이디야커피 삼성한전점,0.523360036328222,선릉역 2호선,0.457346013671469
스타벅스 도곡역점,강남구,이디야커피 한티역점,0.651167737638161,도곡역 3호선,0.235748805104962
스타벅스 SSG마켓도곡R점,강남구,이디야커피 강남대치점,0.962157796467835,도곡역 3호선,0.284867593306358
스타벅스 국기원사거리점,강남구,이디야커피 역삼플래티넘점,0.482446013043578,역삼역 2호선,0.335674981818522
스타벅스 강남우성점,강남구,이디야커피 역삼플래티넘점,0.332020726626797,강남역 2호선,0.570860932137708
스타벅스 압구정로점,강남구,이디야커피 압구정로데오역점,0.36920371953718,압구정로데오역 수인분당선,0.643539450832845
스타벅스 대치은마사거리점,강남구,이디야커피 한티역점,0.377862330636062,대치역 3호선,0.570111685740635
스타벅스 삼성점,강남구,이디야커피 선릉점,0.0795414583461908,석촌고분역 9호선,0.156116042030222
스타벅스 서울세관사거리점,강남구,이디야커피 학동역점,0.233761681048648,강남구청역 7호선,0.549228336715224
스타벅스 선릉로점,강남구,이디야커피 선릉사거리점,0.14322501647825,선정릉역 수인분당선,0.70444776731801
스타벅스 역삼대로점,강남구,이디야커피 역삼충현점,0.337870309736938,언주역 9호선,0.769677256043446
스타벅스 코엑스사거리점,강남구,이디야커피 삼성한전점,0.702610401151169,봉은사역 9호선,0.281399358218383
스타벅스 구역삼사거리점,강남구,이디야커피 역삼점,0.143665720700417,강남역 2호선,0.954372272576814
스타벅스 아크플레이스,강남구,이디야커피 역삼충현점,0.466340554039915,역삼역 2호선,0.608978342806212
스타벅스 역삼럭키점,강남구,이디야커피 역삼점,0.411782720482354,매봉역 3호선,0.86497132783685
스타벅스 청담영동대로점,강남구,이디야커피 한티역점,0.907488699359835,학여울역 3호선,0.642922807575842
스타벅스 대치점,강남구,이디야커피 한티역점,0.571252827400836,대치역 3호선,0.571268685972924
스타벅스 삼성현대힐점,강남구,이디야커피 삼성중앙점,0.464641095392416,삼성중앙역 9호선,0.419398524923883
스타벅스 대치한티,강남구,이디야커피 한티역점,0.361848915822078,한티역 수인분당선,0.262736364544757
스타벅스 논현힐탑점,강남구,이디야커피랩,0.134002905257844,언주역 9호선,0.488497327971316
스타벅스 르네상스사거리점,강남구,이디야커피 역삼중앙점,0.281933258584747,선정릉역 수인분당선,0.918988044754408
스타벅스 삼성도심공항점,강남구,이디야커피 선릉점,0.316576823075829,석촌고분역 9호선,0.22404789036306
스타벅스 큰길타워,강남구,이디야커피 역삼중앙점,0.293722489860527,언주역 9호선,0.80569696537188
스타벅스 대치역점,강남구,이디야커피 개포동역점,0.722153172596103,대치역 3호선,0.191936415594739
스타벅스 포스코사거리,강남구,이디야커피 선릉점,0.163744881533051,석촌고분역 9호선,0.0954504562801771
스타벅스 역삼아레나빌딩점,강남구,이디야커피 역삼중앙점,0.0850020510935098,한티역 수인분당선,1.02281325277686
스타벅스 역삼포스코점,강남구,이디야커피 역삼충현점,0.536890062629146,역삼역 2호선,0.502638394436873
스타벅스 대치삼성프라자점,강남구,이디야커피 삼성동점,0.985657957304456,학여울역 3호선,0.58150961483718
스타벅스 수서역사거리점,강남구,이디야커피 수서역점,0.0415523855564225,수서역 3호선,0.112055488971545
스타벅스 압구정윤성빌딩점,강남구,이디야커피 강남도산점,0.261353715461762,압구정역 3호선,0.525515517122094
스타벅스 신사역성일빌딩점,강남구,이디야커피 잠원논현점,0.321267687657573,신사역 3호선,0.29393935328385
스타벅스 봉은사로선정릉점,강남구,이디야커피 삼성중앙점,0.0295260072277452,삼성중앙역 9호선,0.0377765533785879
스타벅스 봉은사역점,강남구,이디야커피 삼성한전점,0.539955093230156,봉은사역 9호선,0.0310285690464997
스타벅스 강동암사DT,강동구,이디야커피 암사3동점,0.814412572441086,암사역 8호선,0.464164253528111
스타벅스 천호로데오점,강동구,이디야커피 천호로데오점,0.0989705571560567,천호역 5호선,0.208460371041441
스타벅스 강동구청DT점,강동구,이디야커피 강동구청점,0.141273669644547,강동구청역 8호선,0.32145479349099
스타벅스 천호역점,강동구,이디야커피 천호로데오점,0.066700797683081,천호역 5호선,0.175525165322764
스타벅스 둔촌동점,강동구,이디야커피 올림픽북문점,0.487330536356292,둔촌동역 5호선,0.599152815812669
스타벅스 상일동점,강동구,이디야커피 상일리엔파크점,0.252474515820696,강일역 5호선,0.748916594599125
스타벅스 길동역점,강동구,이디야커피 길동역점,0.166605869643977,길동역 5호선,0.0364956998442053
스타벅스 강동역점,강동구,이디야커피 강동역점,0.291750499368428,강동역 5호선,0.0722813505211389
스타벅스 명일역점,강동구,이디야커피 암사3동점,0.424675626416462,명일역 5호선,0.138063963838299
스타벅스 명일이마트점,강동구,이디야커피 고덕그라시움후문점,0.982813915242367,상일동역 5호선,0.146311089273606
스타벅스 천호대로길동점,강동구,이디야커피 길동역점,0.152898529421739,길동역 5호선,0.0276282410066751
스타벅스 굽은다리역점,강동구,이디야커피 명일중앙점,0.235831008397924,굽은다리역 5호선,0.0843099864205671
스타벅스 상일동역점,강동구,이디야커피 암사3동점,0.784955721746317,고덕역 5호선,0.553526147412063
스타벅스 천호이마트,강동구,이디야커피 천호로데오점,0.125852125778125,천호역 5호선,0.0516847596382328
스타벅스 천호사거리,강동구,이디야커피 천호중앙점,0.121283947840974,천호역 5호선,0.214428818698008
스타벅스 강북구청사거리점,강북구,이디야커피 수유역점,0.0969988945537875,수유역 4호선,0.0290671192881683
스타벅스 미아뉴타운점,강북구,이디야커피 미아역점,0.361740322752802,삼양사거리역 우이신설선,0.260220950015397
스타벅스 수유역점,강북구,이디야커피 수유역점,0.151551576976562,수유역 4호선,0.217164591392104
스타벅스 미아사거리역점,강북구,이디야커피 미아중앙점,0.154432157891787,미아사거리역 4호선,1.00769384428687
스타벅스 미아역점,강북구,이디야커피 미아역점,0.147144601407094,미아역 4호선,0.45695572587706
스타벅스 파라스파라서울점,강북구,이디야커피 수유사거리점,0.66819004519814,가오리역 우이신설선,0.513301496469053
스타벅스 화곡DT점,강서구,이디야커피 등촌동점,0.247850745418386,등촌역 9호선,0.13309283758773
스타벅스 마곡사이언스타워R,강서구,이디야커피 마곡중앙점,0.0535590571784411,마곡나루역 공항철도,0.791627296090376
스타벅스 방화DT,강서구,이디야커피 방화동로점,0.675256245137587,방화역 5호선,0.46235469843993
스타벅스 마곡나루,강서구,이디야커피 마곡나루역점,0.106893618595573,마곡나루역 공항철도,0.319409597076956
스타벅스 까치산역점,강서구,이디야커피 까치산역점,0.199640792949547,까치산역 5호선,0.132456150314861
스타벅스 화곡동점,강서구,이디야커피 화곡로점,0.102088734186631,화곡역 5호선,0.29332304400485
스타벅스 발산역,강서구,이디야커피 강서NC점,0.0991843149849816,양천향교역 9호선,0.949099377602447
스타벅스 마곡역,강서구,이디야커피 마곡퀸즈파크9점,0,가양역 9호선,0.968785144096713
스타벅스 마곡나루공원,강서구,이디야커피 서울공진초교점,0,우장산역 5호선,0.730900746941469
스타벅스 마곡GMG,강서구,이디야커피 서울공진초교점,0,우장산역 5호선,0.730900746941469
스타벅스 가양역점,강서구,이디야 가양역점,0.231989220452213,가양역 9호선,0.0663351657918523
스타벅스 우장산역,강서구,이디야커피 서울공진초교점,0.673272139598821,우장산역 5호선,0.0583627803724476
스타벅스 등촌,강서구,이디야커피 강서NC점,0.457860392588989,가양역 9호선,0.935648295304128
스타벅스 양천향교역,강서구,이디야커피 발산역점,0.549271048322392,우장산역 5호선,0.651585701267846
스타벅스 강서구청사거리점,강서구,이디야커피 마곡퀸즈파크9점,0.181102130206407,가양역 9호선,0.795985853183757
스타벅스 염창역점,강서구,이디야커피 염창동점,0.437804548718468,염창역 9호선,0.0616584808318317
스타벅스 발산역사거리점,강서구,이디야커피 마곡퀸즈파크9점,0,가양역 9호선,0.968785144096713
스타벅스 등촌대로점,강서구,이디야커피 등촌동점,0.149779976228433,등촌역 9호선,0.153555698143942
스타벅스 가양이마트점,강서구,이디야커피 증미한화점,0.19341419949624,증미역 9호선,0.0777374802692858
스타벅스 낙성대DT점,관악구,이디야커피 낙성대역점,0.311570077571458,낙성대역 2호선,0.17115301090694
스타벅스 관악서울대입구R점,관악구,이디야커피 관악구청점,0.0634996223056349,서울대입구역 2호선,0.207194843634976
스타벅스 신림DT점,관악구,이디야커피 난곡사거리점,0.250422872932328,구로디지털단지역 2호선,0.765243763140524
스타벅스 서울대입구역점,관악구,이디야커피 서울대중앙점,0.207808600708517,서울대입구역 2호선,0.115831759887843
스타벅스 사당R점,관악구,이디야커피 사당중앙점,0.0617278657660977,사당역 2호선,0.063362059695115
스타벅스 신림사거리점,관악구,이디야커피 신림역점,0.271933140216757,신림역 2호선,0.0768645727335489
스타벅스 신림타임스트림점,관악구,이디야커피 신림역점,0.19254735964613,신림역 2호선,0.0517850311869714
스타벅스 낙성대역점,관악구,이디야커피 낙성대역점,0.0908385428889457,낙성대역 2호선,0.206912542065518
스타벅스 서울대역,관악구,이디야커피 서울대입구역점,0.163714295913354,서울대입구역 2호선,0.0661849037792299
스타벅스 신림점,관악구,이디야커피 신림중앙점,0.297751339892364,신림역 2호선,0.216443035106983
스타벅스 보라매대교점,관악구,이디야커피 보라매점,0.129998198775814,신림역 2호선,0.84593229273336
스타벅스 건대입구,광진구,이디야커피 건대역점,0.150802922312367,건대입구역 7호선,0.145290891725491
스타벅스 군자역,광진구,이디야커피 군자역점,0.12195047021401,군자역 7호선 5번출구,0.0703023546470786
스타벅스 구의DT,광진구,이디야커피 구의사거리점,0.126735024577502,아차산역 5호선,0.843877775004119
스타벅스 어린이대공원역,광진구,이디야커피 군자역점,0.473271042838393,어린이대공원역 7호선,0.57393908235925
스타벅스 강변역,광진구,이디야커피 동서울터미널점,0.227685903090418,강변역 2호선,0.170839004163261
스타벅스 구의역,광진구,이디야커피 광진구청점,0.313921893542397,구의역 2호선,0.611473123907445
스타벅스 아차산역,광진구,이디야커피 자양동점,0.249872085501702,아차산역 5호선,0.257821184661029
스타벅스 광나루,광진구,이디야커피 광나루점,0.154721063502416,광나루역 5호선,0.334979705732817
스타벅스 건국클래식,광진구,이디야커피 건대역점,0.313992426916728,건대입구역 7호선,0.288434365497437
스타벅스 자양점,광진구,이디야커피 건대로데오점,0.561718988950317,뚝섬유원지역 7호선,0.436371104530213
스타벅스 자양사거리,광진구,이디야커피 광진구청점,0.300094969629136,구의역 2호선,0.732108941194813
스타벅스 올림픽대교북단,광진구,이디야커피 구의동점,0.0343800224511685,구의역 2호선,0.506515431192714
스타벅스 건대스타시티,광진구,이디야커피 건대역점,0.472700131006816,건대입구역 7호선,0.448732587235083
스타벅스 중곡점,광진구,이디야커피 중곡중앙점,0.192631792623041,군자역 5호선,0.0717188689202006
스타벅스 광장점,광진구,이디야커피 구의동점,0.498755850299126,광나루역 5호선,0.389487690013307
스타벅스 구로호텔점,구로구,이디야커피 구로에이스점,0.401357009601747,구로디지털단지역 2호선,0.323742029251285
스타벅스 신도림점,구로구,이디야커피 구로역광장점,0.310711681182086,구로역 1호선,0.318231393027987
스타벅스 오류동역점,구로구,이디야커피 오류남부점,0.406941994121024,오류동역 1호선,0.0832135758162374
스타벅스 구로디지털타워점,구로구,이디야커피 구로에이스점,0.238363753144297,구로디지털단지역 2호선,0.484594169789662
스타벅스 구로디지털로점,구로구,이디야커피 구로에이스점,0,구로디지털단지역 2호선,0.565792350249983
스타벅스 현대디큐브2F,구로구,이디야커피 신도림테크노마트점,0.202533335918278,신도림역 1호선,0.19349992811268
스타벅스 구로고척점,구로구,이디야커피 고척스카이돔점,0.100771992718479,개봉역 1호선,0.473549667367355
스타벅스 구로에이스점,구로구,이디야커피 구로에이스점,0.0922826953331197,구로디지털단지역 2호선,0.620079658507172
스타벅스 구로NC,구로구,이디야커피 구로NC점,0.137941804667095,구로역 1호선,0.156725261158723
스타벅스 현대디큐브B2,구로구,이디야커피 신도림테크노마트점,0.202533335918278,신도림역 1호선,0.19349992811268
스타벅스 드림마크원점,구로구,이디야커피 구로에이스점,0.304041578595275,남구로역 7호선,0.394688517496079
스타벅스 금천독산점,금천구,이디야커피 가산두산위브점,0.691818596888963,독산역 1호선,0.695979143018866
스타벅스 가산디지털점,금천구,이디야커피 가산리더스타워점,0.140817095349015,가산디지털단지역 7호선,0.242741085882316
스타벅스 금천시흥점,금천구,이디야커피 시흥동점,0.316268180323629,금천구청역 1호선,1.20036787308061
스타벅스 독산사거리점,금천구,이디야커피 시흥대로점,0.495700875981695,독산역 1호선,1.0116697454063
스타벅스 가산디지털단지역점,금천구,이디야커피 가산리더스타워점,0.118866996359982,가산디지털단지역 7호선,0.174703961808301
스타벅스 금천구청역점,금천구,이디야커피 시흥사거리점,0.241025481235242,금천구청역 1호선,0.318572838429972
스타벅스 가산에스케이점,금천구,이디야커피 가산오거리점,0.0849685529046347,가산디지털단지역 7호선,0.229814901131274
스타벅스 가산그레이트점,금천구,이디야커피 가산리더스타워점,0.307080009409573,가산디지털단지역 7호선,0.56368518543373
스타벅스 가산브이타워점,금천구,이디야커피 가산리더스타워점,0.352629595638812,가산디지털단지역 7호선,0.582456295801717
스타벅스 W-mall점,금천구,이디야커피 가산리더스타워점,0.456882412207324,가산디지털단지역 7호선,0.736368794295052
스타벅스 공릉DT점,노원구,이디야커피 태릉입구역점,0.337030193114027,태릉입구역 7호선,0.19006254272208
스타벅스 노원역점,노원구,이디야커피 노원사거리점,0.207210995999004,노원역 7호선,0.140296625067388
스타벅스 공릉역,노원구,이디야커피 공릉역점,0.104445640397807,공릉역 7호선,0.0738825972171102
스타벅스 노원마들역점,노원구,이디야커피 마들역점,0.563356562017902,노원역 4호선,0.690621380574196
스타벅스 상계초교사거리점,노원구,이디야커피 중계롯데우성점,0.158687411284895,중계역 7호선,0.660039712443877
스타벅스 중계역점,노원구,이디야커피 마들역점,0.086753595207314,마들역 7호선,0.280638249800592
스타벅스 노원KT점,노원구,이디야커피 노원KT점,0.0627669785377324,노원역 4호선,0.221434355019792
스타벅스 태릉입구역DT,노원구,이디야커피 태릉입구역점,0.132178404808426,화랑대역 6호선,0.351066261613082
스타벅스 월계역점,노원구,이디야커피 광운대점,1.2100760868565,월계역 1호선,0.130087752515371
스타벅스 은행사거리점,노원구,이디야커피 은행사거리점,0.156596381894348,상계역 4호선,1.201721632349
스타벅스 광운대점,노원구,이디야커피 광운대점,0.37687677633564,광운대역 1호선,0.529680715101078
스타벅스 쌍문역점,도봉구,이디야커피 쌍문역점,0.120893382113391,쌍문역 4호선,0.0543004662413852
스타벅스 창동이마트점,도봉구,이디야커피 창동역점,0.303941736867008,창동역 1호선,0.196870355099043
스타벅스 답십리역점,동대문구,이디야커피 답십리역점,0.0320012137253336,답십리역 5호선,0.223514918711056
스타벅스 회기역사거리점,동대문구,이디야커피 경희대점,0.132225142646775,회기역 1호선,0.206810853042537
스타벅스 장한평역점,동대문구,이디야커피 장안동점,0.24624956342344,장한평역 5호선,0.571364096897005
스타벅스 신설동역점,동대문구,이디야커피 용두동사거리점,0.313482827639015,제기동역 1호선,0.319347427239002
스타벅스 경희대삼거리점,동대문구,이디야커피 경희대점,0.275912560279823,회기역 1호선,0.567145718721049
스타벅스 경희대점,동대문구,이디야커피 경희대점,0.24509034634197,회기역 1호선,0.57996057323623
스타벅스 외대정문점,동대문구,이디야커피 외대점,0.324266119082469,외대앞역 1호선,0.333605805158599
스타벅스 청량리역사점,동대문구,이디야커피 청량리점,0.308979389470327,청량리역 경의중앙선,0
스타벅스 외대점,동대문구,이디야커피 외대점,0.262201927083611,외대앞역 1호선,0.148371067625711
스타벅스 노량진역점,동작구,이디야커피 노량진CTS점,0.321738872127058,노량진역 9호선,0.0984411259611269
스타벅스 보라매공원R점,동작구,이디야커피 보라매점,0.10346619859616,보라매역 7호선,0.907491972486077
스타벅스 사당역점,동작구,이디야커피 사당중앙점,0.323775415416739,사당역 4호선,0.176971759628688
스타벅스 신대방삼거리역점,동작구,이디야커피 신대방삼거리점,0.236453008595336,신대방삼거리역 7호선,0.325345518684522
스타벅스 노량진동점,동작구,이디야커피 노들점,0.124487611592146,노량진역 1호선,0.362743825090192
스타벅스 숭실대입구역,동작구,이디야커피 상도역점,0.765342063806619,숭실대입구역 7호선,0.164143595616648
스타벅스 상도역점,동작구,이디야커피 상도역점,0.0475233842883893,상도역 7호선,0.188124635227622
스타벅스 중앙대점,동작구,이디야커피 중앙대점,0.0257500664792661,흑석역 9호선,0.549385529414488
스타벅스 숭실대점,동작구,이디야커피 총신대점,0.30430726200404,낙성대역 2호선,1.13485432749612
스타벅스 이수자이점,동작구,이디야커피 이수중앙점,0.112769490678021,남성역 7호선,0.057845304432519
스타벅스 남성역점,동작구,이디야커피 남성역점,0.076939531283941,남성역 7호선,0.734615466770639
스타벅스 홍대입구역사거리R점,마포구,이디야커피 홍대중앙점,0.0640687454999636,홍대입구역 2호선,0.366052630342481
스타벅스 홍대역점,마포구,이디야커피 동교중앙점,0.181705572920218,홍대입구역 2호선,0.0495095743364161
스타벅스 망원역점,마포구,이디야커피 망원역점,0.0800863203969821,망원역 6호선,0.0699330274278633
스타벅스 홍대공항철도역점,마포구,이디야커피 서교동점,0.158196445895579,홍대입구역 경의중앙선,0.0910866125769647
스타벅스 상암DMC점,마포구,이디야커피 상암DMC점,0.192380821244116,디지털미디어시티역 공항철도,0.75897570974726
스타벅스 홍대삼거리점,마포구,이디야커피 상수역점,0.222636565855838,상수역 6호선,0.398132047656337
스타벅스 합정점,마포구,이디야커피 합정LIG점,0.161818353888419,합정역 6호선,0.132642103456228
스타벅스 공덕오거리점,마포구,이디야커피 마포데시앙점,0.165338425800424,공덕역 6호선,0.156195738558697
스타벅스 합정메세나몰점,마포구,이디야커피 합정역사거리점,0.217732470969267,합정역 2호선,0.0709830642045942
스타벅스 동교점,마포구,이디야커피 홍대중앙점,0.298200076629727,홍대입구역 2호선,0.325775601566823
스타벅스 상암사보이시티,마포구,이디야커피 상암우리기술점,0.0949610511318469,디지털미디어시티역 경의중앙선,1.04028975640931
스타벅스 망원한강공원점,마포구,이디야커피 한강공원로점,0.407955598609146,망원역 6호선,1.20113795014896
스타벅스 마포염리점,마포구,이디야커피 마포데시앙점,0.137790404476301,공덕역 5호선,0.314801860388253
스타벅스 서교점,마포구,이디야커피 합정역사거리점,0.391652473185368,합정역 2호선,0.258884500835337
스타벅스 서교동사거리,마포구,이디야커피 홍대중앙점,0.216027837996223,합정역 2호선,0.518093155498842
스타벅스 공덕점,마포구,이디야커피 공덕점,0.109793301509856,공덕역 5호선,0.22580614155707
스타벅스 합정폴리스R점,마포구,이디야커피 합정역사거리점,0.148089058150375,합정역 6호선,0
스타벅스 상수역점,마포구,이디야커피 상수역점,0.0887007761435292,상수역 6호선,0.107913916241575
스타벅스 신촌오거리점,마포구,이디야커피 신촌로터리점,0.0981733613242725,신촌역 2호선,0.25544123564221
스타벅스 상암디지털큐브점,마포구,이디야커피 상암DMC점,0.372378583401921,디지털미디어시티역 공항철도,0.884016417311419
스타벅스 마포용강동점,마포구,이디야커피 오벨리스크점,0.31681856299033,마포역 5호선,0.804385609985944
스타벅스 서강광흥창역점,마포구,이디야커피 신촌숲아이파크점,0.219618609510194,광흥창역 6호선,0.215952776854212
스타벅스 마포일진빌딩점,마포구,이디야커피 오벨리스크점,0.0909163172099544,마포역 5호선,0.459034225501036
스타벅스 상암MBC점,마포구,이디야커피 상암DMC점,0.162644897011008,디지털미디어시티역 경의중앙선,0.751827682330344
스타벅스 마포아크로점,마포구,이디야커피 마포데시앙점,0.194804901860105,공덕역 6호선,0.342444056046601
스타벅스 서강대점,마포구,이디야커피 신촌로터리점,0.309903854380425,서강대역 경의중앙선,0.243011784227904
스타벅스 홍대역8번출구점,마포구,이디야커피 서교동점,0.218503549050937,홍대입구역 2호선,0.044348610955938
스타벅스 서강대흥역점,마포구,이디야커피 대흥역점,0.106714667569609,서강대역 경의중앙선,0.739048924252673
스타벅스 애오개역점,마포구,이디야커피 애오개역점,0.119317713953988,애오개역 5호선,0.0895184621122826
스타벅스 상암YTN점,마포구,이디야커피 상암DMC점,0.226201445607195,디지털미디어시티역 경의중앙선,0.649917219798906
스타벅스 마포경찰서후문점,마포구,이디야커피 애오개역점,0.35654638833712,애오개역 5호선,0.203725729781838
스타벅스 마포이마트점,마포구,이디야커피 공덕롯데캐슬점,0.204510931268369,공덕역 6호선,0.0527782013291758
스타벅스 연희DT점,서대문구,이디야커피 연대서문점,0.71692092762173,신촌역 경의중앙선,1.36179343756338
스타벅스 신촌점,서대문구,이디야커피 신촌역점,0.0599810282376569,신촌역 2호선,0.201254943572807
스타벅스 이대R점,서대문구,이디야커피 이화여대점,0.394323104860864,이대역 2호선,0.233449083805341
스타벅스 가재울뉴타운점,서대문구,이디야커피 가재울점,0.411599316674923,증산역 6호선,1.12625570079572
스타벅스 홍제역점,서대문구,이디야커피 홍제역점,0.187457924618665,홍제역 3호선,0.233005848723933
스타벅스 연희동점,서대문구,이디야커피 연대서문점,0.443125647131467,홍대입구역 공항철도 3번출구,1.04710021078531
스타벅스 남가좌사거리점,서대문구,이디야커피 명지대점,0.499828013502512,증산역 6호선,1.22023571910614
스타벅스 신촌명물거리점,서대문구,이디야커피 연세대점,0.129762937747509,신촌역 2호선,0.348452573874207
스타벅스 연대동문점,서대문구,이디야커피 미아역점,0.200970951773461,미아역 4호선,0.525016394650331
스타벅스 신촌역점,서대문구,이디야커피 신촌역점,0.169782542103621,신촌역 2호선,0.317535439939804
스타벅스 연세종합관점,서대문구,이디야커피 연대서문점,0.469779720975586,신촌역 경의중앙선,0.553892683262863
스타벅스 아현역점,서대문구,이디야커피 애오개역점,0.692544023855622,아현역 2호선,0.296297693183341
스타벅스 연세백양로점,서대문구,이디야커피 연대서문점,0.491184430033194,신촌역 경의중앙선,0.736755552324822
스타벅스 연대점,서대문구,이디야커피 연세대점,0.0727946090195503,신촌역 2호선,0.452586252570427
스타벅스 충정타워점,서대문구,이디야커피 충정로역점,0.216777559596413,충정로역 2호선,0.0453994871122845
스타벅스 이대ECC점,서대문구,이디야커피 이화여대점,0,신촌역 경의중앙선,0.463300963315735
스타벅스 충정로역점,서대문구,이디야커피 충정로역점,0.390141014699629,충정로역 2호선,0.19849475096652
스타벅스 신촌아트레온점,서대문구,이디야커피 신촌기차역점,0.290201299564533,신촌역 2호선,0.32069676035851
스타벅스 파미에파크R점,서초구,이디야커피 서울고속버스터미널점,0.347393288731857,고속터미널역 3호선,0.202654945580863
스타벅스 몬테소리점,서초구,이디야커피 역삼플래티넘점,0.447871069050241,역삼역 2호선,0.130829208490503
스타벅스 강남삼성타운점,서초구,이디야커피 역삼플래티넘점,0.23295845571182,강남역 2호선,0.171193187400145
스타벅스 서울웨이브아트센터점,서초구,이디야커피 신사역점,1.23988157256783,잠원역 3호선,0.725395432063108
스타벅스 서울고속터미널점,서초구,이디야커피 서울고속버스터미널점,0,고속터미널역 3호선,0.17794653869824
스타벅스 양재역점,서초구,이디야커피 서초법조타운점,0.197377361531618,양재역 3호선,0.407939971611982
스타벅스 이수역점,서초구,이디야커피 총신대입구역점,0.107905241546321,이수역 7호선,0.245756023587254
스타벅스 강남2점,서초구,이디야커피 신논현역점,0.608913013711331,역삼역 2호선,0.330148348742964
스타벅스 교대역점,서초구,이디야커피 교대역점,0.291016716978294,교대역 3호선,0.303627667541748
스타벅스 센트럴시티점,서초구,이디야커피 서울고속버스터미널점,0.355904573170776,고속터미널역 3호선,0.178085376198228
스타벅스 방배카페거리점,서초구,이디야커피 함지박사거리점,0.305363427713289,내방역 7호선,0.823919323386678
스타벅스 신논현역점,서초구,이디야커피 신논현역점,0.0394384469965597,신논현역 9호선,0.144755853618159
스타벅스 서울교대점,서초구,이디야커피 서울교대점,0.275985757717117,남부터미널역 3호선,0.0823739827177562
스타벅스 서래마을입구점,서초구,이디야커피 구반포역점,0.793744838426648,신반포역 9호선,0.519817772984989
스타벅스 서초역점,서초구,이디야커피 서초점,0.284864439412652,서초역 2호선,0.293492757107304
스타벅스 방배역점,서초구,이디야커피 방배역점,0.0701489100637178,방배역 2호선,0.0760958278933908
스타벅스 사당로데오점,서초구,이디야커피 사당중앙점,0.213020413528114,사당역 4호선,0.0714087907220153
스타벅스 이수역사거리점,서초구,이디야커피 총신대입구역점,0.173148279356521,이수역 7호선,0.221385475966972
스타벅스 강남교보타워R점,서초구,이디야커피 신논현역점,0.187888081895229,신논현역 9호선,0.126820578191643
스타벅스 강남대로논현R점,서초구,이디야커피 신논현역점,0.237068805572105,신논현역 9호선,0.372104526974377
스타벅스 교대점,서초구,이디야커피 서초점,0.259912816170874,서초역 2호선,0.327220120102524
스타벅스 논현역점,서초구,이디야커피 잠원논현점,0.0913338993621501,논현역 7호선,0.105197712553471
스타벅스 영동2교점,서초구,이디야커피 포이사거리점,0.527322299641364,매봉역 3호선,0.658867653361875
스타벅스 남부터미널2점,서초구,이디야커피 예술의전당점,0.214364310846799,남부터미널역 3호선,0.271490189308336
스타벅스 강남GT타워점,서초구,이디야커피 역삼플래티넘점,0.472901581391524,역삼역 2호선,0.198271096135249
스타벅스 방배로점,서초구,이디야커피 방배역점,0.369134254091361,방배역 2호선,0.272422850257805
스타벅스 내방역점,서초구,이디야커피 함지박사거리점,0.508872623228203,내방역 7호선,0.202389746086132
스타벅스 청계산입구역,서초구,이디야커피 양재AT점,2.75227648104945,청계산입구역 신분당선,0.123510524444747
스타벅스 방배,서초구,이디야커피 함지박사거리점,0.247922528557255,내방역 7호선,0.469495039346437
스타벅스 서초우성사거리점,서초구,이디야커피 역삼플래티넘점,0.228989324998959,강남역 2호선,0.404152629260817
스타벅스 남부터미널점,서초구,이디야커피 남부터미널점,0.177585205342547,남부터미널역 3호선,0.252810179756805
스타벅스 하이브랜드점,서초구,이디야커피 양재AT점,0.732174584929304,양재시민의숲역 신분당선,0.771981779412376
스타벅스 서초역이화빌딩점,서초구,이디야커피 서초역점,0.0783678948617272,서초역 2호선,0.519471107591405
스타벅스 서초법원,서초구,이디야커피 서초점,0.0938008340428446,서초역 2호선,0.110141053805252
스타벅스 서울아트센터점,서초구,이디야커피 삼성중앙점,0.339203482807394,삼성중앙역 9호선,0.308153784949729
스타벅스 강남대로신사점,서초구,이디야커피 신사점,0.279813155910228,신사역 3호선,0.189931323419179
스타벅스 서초구청점,서초구,이디야커피 양재점,0.0524659452893941,양재역 3호선,0.296025947357824
스타벅스 강남에비뉴점,서초구,이디야커피 신논현역점,0.288197610136286,신논현역 9호선,0.233919950492507
스타벅스 반포역점,서초구,이디야커피 잠원논현점,0.645367021010952,반포역 7호선,0.17036751793758
스타벅스 교대법원점,서초구,이디야커피 교대역점,0.458066739979348,교대역 3호선,0.381788069606064
스타벅스 서초동점,서초구,이디야커피 남부터미널점,0.27466166022212,남부터미널역 3호선,0.56727427224665
스타벅스 방배다이치빌딩점,서초구,이디야커피 방배역점,0.250988937809931,방배역 2호선,0.351582714002616
스타벅스 센트럴F1점,서초구,이디야커피 서울고속버스터미널점,0.355904573170776,고속터미널역 3호선,0.178085376198228
스타벅스 뉴코아강남점,서초구,이디야커피 서울고속버스터미널점,0.527176712158266,반포역 7호선,0.48056449353462
스타벅스 서초파라곤점,서초구,이디야커피 역삼플래티넘점,0.263738288798536,강남역 2호선,0.24370024624368
스타벅스 서초중앙로점,서초구,이디야커피 서울고속버스터미널점,0.603873555734023,사평역 9호선,0.458823199822015
스타벅스 예술의전당점,서초구,이디야커피 예술의전당점,0.281585314619757,남부터미널역 3호선,0.637817762727579
스타벅스 왕십리역,성동구,이디야커피 왕십리역점,0.168847771959001,왕십리역 2호선,0.298292272586898
스타벅스 성수역,성동구,이디야커피 성수중앙점,0.188041218593801,성수역 2호선,0.156636491058646
스타벅스 서울숲역,성동구,이디야커피 서울숲역점,0.495120058753102,서울숲역 수인분당선,0.257583337578806
스타벅스 금호역점,성동구,이디야커피 응봉동점,0.664311552874246,금호역 3호선,0.0485874702643252
스타벅스 뚝섬역,성동구,이디야커피 뚝섬역점,0.10173908528119,뚝섬역 2호선,0.168314531862363
스타벅스 한양대점,성동구,이디야커피 왕십리비트플렉스점,0.653024209395099,왕십리역 수인분당선,0.389485519448984
스타벅스 엔터식스,성동구,이디야커피 왕십리비트플렉스점,0.0398201359572218,왕십리역 2호선,0.103584010064548
스타벅스 황학사거리점,성동구,이디야커피 상왕십리역점,0.248443087960276,상왕십리역 2호선,0.212094432925963
스타벅스 성수낙낙,성동구,이디야커피 성수아카데미점,0.610242297099575,성수역 2호선,0.706481242232391
스타벅스 상왕십리역,성동구,이디야커피 상왕십리역점,0.241686537682963,상왕십리역 2호선,0.196213361485525
스타벅스 성수이마트,성동구,이디야커피 성수2가점,0.356548518423314,성수역 2호선,0.613306912664829
스타벅스 성신여대점,성북구,이디야커피 돈암동점,0.0863862546457936,성신여대입구역 4호선,0.148955483002221
스타벅스 성신여대정문,성북구,이디야커피 성신여대점,0.175333265363159,성신여대입구역 4호선,0.312260560649101
스타벅스 길음역점,성북구,이디야커피 정릉뉴타운점,0.643022093263123,길음역 4호선,0.142717829669116
스타벅스 종암DT점,성북구,이디야커피 고대개운점,0.755268006551916,고려대역 6호선,0.175176387661016
스타벅스 안암역점,성북구,이디야커피 성북구청점,0.112895064631516,보문역 6호선,0.431271057267111
스타벅스 고대점,성북구,이디야커피 고대개운점,0.419111418171689,안암역 6호선,0.241916315872964
스타벅스 종암점,성북구,이디야커피 종암동점,0.18184803828255,월곡역 6호선,0.64126050292323
스타벅스 한성대입구역점,성북구,이디야커피 한성대역점,0.286737234873903,한성대입구역 4호선,0.134652552540538
스타벅스 월곡역점,성북구,이디야커피 동덕여대점,0.274751918360181,월곡역 6호선,0.0736998501086212
스타벅스 미아점,성북구,이디야커피 월곡1동점,0.620403760679702,길음역 4호선,0.61694109612046
스타벅스 장위뉴타운점,성북구,이디야커피 월곡동아점,0.380707666537696,상월곡역 6호선,0.345045092637782
스타벅스 삼선교점,성북구,이디야커피 한성대역점,0.111068490863296,한성대입구역 4호선,0.153849222378755
스타벅스 석촌호수점,송파구,이디야커피 석촌역점,0.254811109072313,석촌역 8호선,0.293912123299982
스타벅스 잠실새내역점,송파구,이디야커피 종합운동장역점,0.179094275857006,잠실새내역 2호선,0.273644807214686
스타벅스 송파나루역DT점,송파구,이디야커피 송파동점,0.485026575290374,송파나루역 9호선,0.218385068107839
스타벅스 송파방이DT점,송파구,이디야커피 방이역점,0.495676911346023,방이역 5호선,0.492948540547671
스타벅스 잠실역점,송파구,이디야커피 잠실나루역점,0.394421106235885,잠실역 8호선,0.412970615434043
스타벅스 석촌서호점,송파구,이디야커피 삼전역점,0.401880833755825,삼전역 9호선,0.807023056491324
스타벅스 문정역점,송파구,이디야커피 문정테라타워점,0.175779999055461,문정역 8호선,0.314334078244283
스타벅스 올림픽공원남문점,송파구,이디야커피 방이초교점,0.28271658231565,방이역 5호선,0.601258341624713
스타벅스 석촌역점,송파구,이디야커피 석촌사거리점,0.207102312855179,석촌역 8호선,0.282947391051148
스타벅스 송파개롱역점,송파구,이디야커피 개롱역점,0.122857583544982,개롱역 5호선,0.295861745299962
스타벅스 송파마천사거리DT점,송파구,이디야커피 거여점,0.75312352353214,마천역 5호선,0.697429761508031
스타벅스 송파위례,송파구,이디야커피 위례아이파크점,1.12946889660747,장지역 8호선,1.56979956806543
스타벅스 문정법원로R,송파구,이디야커피 문정테라타워점,0.175779999055461,문정역 8호선,0.314334078244283
스타벅스 잠실시그마타워점,송파구,이디야커피 잠실나루역점,0.556414518001824,잠실역 8호선,0.156788276176623
스타벅스 아시아선수촌점,송파구,이디야커피 종합운동장역점,0.11601406443629,잠실새내역 2호선,0.491700175180737
스타벅스 송파구청,송파구,이디야커피 올림픽공원점,0.26377998471636,잠실역 8호선,0.285614728179658
스타벅스 문정하비오,송파구,이디야커피 송파하비오점,0,장지역 8호선,0.464214675999361
스타벅스 잠실대교남단R점,송파구,이디야커피 잠실나루역점,0.342617874315968,잠실역 8호선,0.480636507871839
스타벅스 가락본동점,송파구,이디야커피 가락중앙점,0.422947978092211,가락시장역 8호선,0.223466625099843
스타벅스 문정로데오점,송파구,이디야 송파문정점,0.142665514807488,문정역 8호선,0.614541541388617
스타벅스 송파사거리점,송파구,이디야커피 석촌사거리점,0.227159656114836,송파역 8호선,0.327819282796502
스타벅스 갤러리아팰리스점,송파구,이디야커피 송파잠실점,0.584475094906112,잠실새내역 2호선,0.869311040332072
스타벅스 가락시장역점,송파구,이디야 송파문정점,0.384795429205554,가락시장역 8호선,0.330603433400457
스타벅스 올림픽평화의문점,송파구,이디야커피 방이초교점,0.449416400713798,한성백제역 9호선,0.380773882207513
스타벅스 방이역점,송파구,이디야커피 방이역점,0.203656864919357,방이역 5호선,0.0894229547039437
스타벅스 송파헬리오시티점,송파구,이디야커피 석촌사거리점,0.623350849581236,송파역 8호선,0.407762449920955
스타벅스 송파아이파크,송파구,이디야커피 송파하비오점,0.233554184985619,장지역 8호선,0.480649261838274
스타벅스 잠실푸르지오월드점,송파구,이디야커피 잠실나루역점,0.408795038612526,잠실역 8호선,0.291802575271654
스타벅스 올림픽아파트점,송파구,이디야커피 방이역점,0.0750395305309323,방이역 5호선,0.102025934337396
스타벅스 몽촌토성역점,송파구,이디야커피 방이초교점,0.295030789427194,송파나루역 9호선,0.400690957478359
스타벅스 가든파이브,송파구,이디야커피 송파하비오점,0.510438172266058,장지역 8호선,0.633982528879453
스타벅스 올림픽훼미리점,송파구,이디야커피 문정테라타워점,0.661886228232717,가락시장역 8호선,0.259413988931721
스타벅스 신월ICDT점,양천구,이디야커피 신월사거리점,0.746740161840265,까치산역 5호선,1.30607525019243
스타벅스 신정DT점,양천구,이디야커피 신정네거리역점,0.387207880576078,신정네거리역 2호선,0.461600621698774
스타벅스 오목교역점,양천구,이디야커피 목동역점,0.176737272050341,목동역 5호선,0.320104453719679
스타벅스 목동8단지점,양천구,이디야커피 오목교대학학원점,0.624948618055471,오목교역 5호선,0.663997112624635
스타벅스 목동역점,양천구,이디야커피 목동역점,0.105068595442917,목동역 5호선,0.15993102511037
스타벅스 등촌역점,양천구,이디야커피 목3동점,0.233906662007258,등촌역 9호선,0.382731766393733
스타벅스 목동오목로점,양천구,이디야커피 오목교대학학원점,0.418771995819727,목동역 5호선,0.26560388788925
스타벅스 목동점,양천구,이디야커피 CBS본사점,0.957237249773043,신목동역 9호선,0.998706035507064
스타벅스 목동10단지점,양천구,이디야커피 양천구청점,0.238902301480893,신정네거리역 2호선,0.619362566993423
스타벅스 목동7단지점,양천구,이디야커피 CBS본사점,0.383993370647213,오목교역 5호선,0.499351193994177
스타벅스 목동파라곤점,양천구,이디야커피 CBS본사점,0.123343314260865,오목교역 5호선,0.528741136742981
스타벅스 목동트라팰리스점,양천구,이디야커피 오목교대학학원점,0.254075496393254,오목교역 5호선,0.376962423612612
스타벅스 목동행복한점,양천구,이디야커피 CBS본사점,0.140175780901114,오목교역 5호선,0.528651100602133
스타벅스 목동5단지점,양천구,이디야커피 CBS본사점,1.1362649018376,신목동역 9호선,0.884569424075708
스타벅스 영등포신길점,영등포구,이디야커피 신길썬프라자점,0.382563939315745,신풍역 7호선,0.479216320229927
스타벅스 영등포본동점,영등포구,이디야커피 영등포중앙점,0.438763486587942,영등포역 1호선,0.437782943711312
스타벅스 여의도역R점,영등포구,이디야커피 KBS별관점,0.0963420202277972,여의도역 5호선,0.372263950563072
스타벅스 영등포역점,영등포구,이디야커피 영등포본동점,0.445384671725758,영등포역 1호선,0.272794475686065
스타벅스 여의도점,영등포구,이디야커피 여의도역점,0.338169953131545,여의도역 9호선,0.192926216390744
스타벅스 여의도IFC점,영등포구,이디야커피 한국수출입은행점,0.439443474872854,여의도역 9호선,0.314415223909419
스타벅스 문래역점,영등포구,이디야커피 문래역점,0.468976933536939,문래역 2호선,0.160880738872781
스타벅스 당산점,영등포구,이디야커피 당산역점,0.283848203150053,당산역 9호선,0.234870970369859
스타벅스 문래동점,영등포구,이디야커피 문래역점,0.198265014077105,문래역 2호선,0.486737455831636
스타벅스 여의도공원R점,영등포구,이디야커피 한국수출입은행점,0.148426675977755,국회의사당역 9호선,0.597023050801515
스타벅스 영등포구청역점,영등포구,이디야커피 당산중앙점,0.201881466677633,영등포구청역 2호선,0.223535928575432
스타벅스 선유동이레빌딩점,영등포구,이디야커피 당산역점,0.467485210624403,당산역 9호선,0.446411448849176
스타벅스 동여의도점,영등포구,이디야커피 KBS별관점,0.263648690927846,샛강역 9호선,0.35246405944909
스타벅스 여의도KBS R점,영등포구,이디야커피 국회의사당역점,0.0423100053311689,국회의사당역 9호선,0.0935858623183837
스타벅스 영등포KT점,영등포구,이디야커피 당산중앙점,0.669106919175784,영등포시장역 5호선,0.456180554379512
스타벅스 여의도호성점,영등포구,이디야커피 KBS별관점,0.0919472355038064,샛강역 9호선,0.380585236579299
스타벅스 국회의사당역,영등포구,이디야커피 국회의사당역점,0.139229482735754,국회의사당역 9호선,0.152961401809848
스타벅스 당산대로점,영등포구,이디야커피 영등포구청점,0.88571389555903,선유도역 9호선,0.0844254318942222
스타벅스 선유도역점,영등포구,이디야커피 당산역점,0.805847743428695,선유도역 9호선,0.138712239853937
스타벅스 당산역사거리점,영등포구,이디야커피 당산역점,0.125150644007485,당산역 9호선,0.0930772641801339
스타벅스 여의도화재보험점,영등포구,이디야커피 여의도역점,0.177406145871312,여의도역 5호선,0.142874675456997
스타벅스 샛강역점,영등포구,이디야커피 해군회관점,0.277209330212936,보라매역 7호선,0.428591586265808
스타벅스 하이테크시티점,영등포구,이디야커피 영등포본동점,0.641925533037244,문래역 2호선,0.521897457228816
스타벅스 국회대로점,영등포구,이디야커피 한국수출입은행점,0.386392514720185,국회의사당역 9호선,0.333360609362523
스타벅스 영등포시장교차로점,영등포구,이디야커피 영등포중앙점,0.124645938630117,영등포시장역 5호선,0.256088710648952
스타벅스 여의도의사당점,영등포구,이디야커피 합정LIG점,0.115448809525134,합정역 6호선,0.394264315582131
스타벅스 여의도ABL타워점,영등포구,이디야커피 KBS별관점,0.146737301398838,샛강역 9호선,0.302230448762714
스타벅스 여의도파크원R,영등포구,이디야커피 여의도역점,0.329592571068853,여의도역 9호선,0.116002439041786
스타벅스 여의도IFC몰(L1)R점,영등포구,이디야커피 한국수출입은행점,0.439443474872854,여의도역 9호선,0.314415223909419
스타벅스 서울양평역점,영등포구,이디야커피 양평동2가점,0.197970832623832,양평역 5호선,0.203404459005586
스타벅스 여의도한양증권점,영등포구,이디야커피 KBS별관점,0.306758966411462,여의도역 5호선,0.41485243529053
스타벅스 여의도일신점,영등포구,이디야커피 국회의사당역점,0.240520200392672,국회의사당역 9호선,0.159828457866058
스타벅스 한강진역R점,용산구,이디야커피 iBK고객센터점,0.572010977165083,한강진역 6호선,0.414871316777281
스타벅스 용산역써밋R점,용산구,이디야커피 용산중앙점,0.203613638112163,용산역 1호선,0.212428040799239
스타벅스 신용산역점,용산구,이디야커피 삼각지점,0.408620486707989,신용산역 4호선,0.117046586240688
스타벅스 동빙고점,용산구,이디야커피 순천향병원점,1.32878335527535,이태원역 6호선,0.668453185683373
스타벅스 서울역동자동점,용산구,이디야커피 삼각지역점,0.143932201180345,삼각지역 4호선,0.22961892584177
스타벅스 용산아이파크몰점,용산구,이디야커피 용산중앙점,0.494718555920526,용산역 1호선,0.117783265873916
스타벅스 한남동R,용산구,이디야커피 iBK고객센터점,0.343807219090572,한남역 경의중앙선,0.530475861882087
스타벅스 이태원역점,용산구,이디야커피 순천향병원점,0.991788177699442,이태원역 6호선,0.0289165718366059
스타벅스 동부이촌동,용산구,이디야커피 동부이촌동점,0.521374691201957,이촌역 4호선,0.437249360730717
스타벅스 순천향입구점,용산구,이디야커피 순천향병원점,0.0449835029709256,한남역 경의중앙선,0.582739566762991
스타벅스 숙대입구역점,용산구,이디야커피 숙대입구역점,0.0201479659520587,숙대입구역 4호선,0.147576088673859
스타벅스 서울역사점,용산구,이디야커피 용산청파점,0.103020489583977,서울역 공항철도,0
스타벅스 서울타워점,용산구,이디야커피 용산후암점,0.949520272615442,명동역 4호선,1.10277897968213
스타벅스 이촌점,용산구,이디야커피 동부이촌동점,0.290561903177954,이촌역 경의중앙선,0.447433934091958
스타벅스 효창공원앞역점,용산구,이디야커피 용산효창점,0.154787327238645,효창공원앞역 6호선,0.254680208272816
스타벅스 숙대점,용산구,이디야커피 숙대입구역점,0.423819949935984,숙대입구역 4호선,0.433830264528229
스타벅스 남영동,용산구,이디야커피 숙대입구역점,0.134736923410327,남영역 1호선,0.167588397226924
스타벅스 서울역서부점,용산구,이디야커피 만리동고개점,0.436161955949078,서울역 서부역,0.100439920583939
스타벅스 용산리첸시아점,용산구,이디야커피 원효로점,0.303178949519977,남영역 1호선,0.502333058642825
스타벅스 용산해링턴스퀘어점,용산구,이디야커피 순천향병원점,0.980001426032393,이태원역 6호선,0.925362974756226
스타벅스 용산파크타워점,용산구,이디야커피 순천향병원점,1.5881732543964,서빙고역 경의중앙선,0.470254934529268
스타벅스 은평구청입구점,은평구,이디야커피 은평구청점,0.244369559871915,역촌역 6호선,0.540895049366648
스타벅스 불광역점,은평구,이디야커피 불광중앙점,0.343872902965673,불광역 3호선,0.0951765006554239
스타벅스 구파발역점,은평구,이디야커피 구파발역점,0.229709093163341,구파발역 3호선,0.356954469135922
스타벅스 연신내역사거리점,은평구,이디야커피 연신내중앙점,0.187620612218077,연신내역 3호선,0.110654635653191
스타벅스 구산역점,은평구,이디야커피 구산역점,0.0266492729305118,구산역 6호선,0.0878323049264743
스타벅스 연신내점,은평구,이디야커피 연신내역점,0.148804526052492,연신내역 3호선,0.167466255489834
스타벅스 구파발사거리점,은평구,이디야커피 구파발역점,0.377418324941437,구파발역 3호선,0.219586339373614
스타벅스 은평이마트점,은평구,이디야커피 역촌진흥로점,0.165645265626537,응암역 6호선,0.530999272762279
스타벅스 더종로R점,종로구,이디야커피 종로타워점,0.00855819655729263,종각역 1호선,0.0668104781357269
스타벅스 광화문R점,종로구,이디야커피 광화문점,0.0722524111172074,광화문역 5호선,0.0943045373056325
스타벅스 경복궁역점,종로구,이디야커피 경복궁역점,0.326173867926371,경복궁역 3호선,0.152224176953644
스타벅스 종각점,종로구,이디야커피 종로타워점,0.129775834305587,종각역 1호선,0.118230880729382
스타벅스 안국점,종로구,이디야커피 광화문트윈트리타워점,0.344368230468924,안국역 3호선,0.14389607450589
스타벅스 광화문D타워점,종로구,이디야커피 종로르메이에르점,0.0863549999353374,광화문역 5호선,0.20416396359397
스타벅스 인사점,종로구,이디야커피 낙원동점,0.311644275558917,안국역 3호선,0.329829816956143
스타벅스 마로니에공원점,종로구,이디야커피 대학로점,0.0971498558175553,혜화역 4호선,0.054978315663016
스타벅스 혜화역점,종로구,이디야커피 대학로점,0.0982948331247312,혜화역 4호선,0.0681807258388824
스타벅스 종로관수점,종로구,이디야커피 종로삼일대로점,0.0705147813763064,종로3가역 1호선,0.304736689358754
스타벅스 삼청동점,종로구,이디야커피 광화문트윈트리타워점,0.901570702559744,안국역 3호선,0.462619647046787
스타벅스 동묘앞역점,종로구,이디야커피 동묘역점,0.0740473065112367,동묘앞역 1호선,0.0821544987675313
스타벅스 종로3가점,종로구,이디야커피 탑골공원점,0.101132663181089,종로3가역 1호선,0.15993576425669
스타벅스 종로평창점,종로구,이디야커피 홍은사거리점,2.69381080203514,녹번역 3호선,2.81519226591682
스타벅스 북촌로점,종로구,이디야커피 광화문트윈트리타워점,0.429717033734257,안국역 3호선,0.280402256179036
스타벅스 주얼리시티점,종로구,이디야커피 종로4가점,0.239120816484596,종로5가역 1호선,0.291767086323854
스타벅스 정부서울청사R점,종로구,이디야커피 광화문점,0.375517803756956,경복궁역 3호선,0.163087680437901
스타벅스 대학로점,종로구,이디야커피 종로4가점,0.466597459957218,혜화역 4호선,0.600063750173927
스타벅스 독립문역점,종로구,이디야커피 서대문점,0.427644082612257,서대문역 5호선,0.539885929331127
스타벅스 성대입구점,종로구,이디야커피 혜화역점,0.212930394585245,혜화역 4호선,0.337131128559875
스타벅스 종로관철점,종로구,이디야커피 종각점,0.0662033568505921,종각역 1호선,0.273474878298746
스타벅스 적선점,종로구,이디야커피 광화문점,0.430459180332992,경복궁역 3호선,0.113068885307995
스타벅스 경복궁사거리점,종로구,이디야커피 종로르메이에르점,0.470066858083649,안국역 3호선,0.474462744922936
스타벅스 동숭로아트점,종로구,이디야커피 대학로점,0.117167550273685,혜화역 4호선,0.206468353523003
스타벅스 경희궁로점,종로구,이디야커피 광화문점,0.29607586929238,광화문역 5호선,0.393677218176332
스타벅스 이마빌딩점,종로구,이디야커피 종로르메이에르점,0.332645418105624,광화문역 5호선,0.317006335844854
스타벅스 스페이스본점,종로구,이디야커피 경복궁역점,0.545753553390035,경복궁역 3호선,0.403777106383438
스타벅스 종로수송점,종로구,이디야커피 종로르메이에르점,0.102098608385246,종각역 1호선,0.275500755859899
스타벅스 새문안로점,종로구,이디야커피 세종로점,0.0849217642303859,광화문역 5호선,0.272800687109741
스타벅스 동숭길입구점,종로구,이디야커피 혜화역점,0.142277601578593,혜화역 4호선,0.258025995496
스타벅스 광화문우체국점,종로구,이디야커피 종로르메이에르점,0.203760120853483,광화문역 5호선,0.233639966255357
스타벅스 종로구청,종로구,이디야커피 종로르메이에르점,0.237633505641851,종각역 1호선,0.353761993391471
스타벅스 환구단점,중구,이디야커피 북창동점,0.23663139671637,을지로입구역 2호선,0.255380131758709
스타벅스 동대문공원점,중구,이디야커피 광희동점,0.086397188972478,동대문역사문화공원역 4호선,0.0728210445739322
스타벅스 별다방점,중구,이디야커피 명동역점,0.0745190034478277,명동역 4호선,0.224441575873424
스타벅스 약수역점,중구,이디야커피 약수역점,0.115041077148977,약수역 3호선,0.1163884515696
스타벅스 신당역사거리점,중구,이디야커피 충무아트홀점,0.237260579420773,신당역 2호선,0.0583777415877929
스타벅스 국립중앙의료원점,중구,이디야커피 동대문점,0.184942494059708,동대문역사문화공원역 5호선,0.21693506583002
스타벅스 대우재단빌딩점,중구,이디야커피 명동역점,0.257658003553942,명동역 4호선,0.221066809388557
스타벅스 을지로4가역점,중구,이디야커피 오장동점,0.354039437648238,을지로4가역 2호선,0.0269950359102467
스타벅스 신당역,중구,이디야커피 충무아트홀점,0.0284575076522981,신당역 2호선,0.206147837022674
스타벅스 동대입구역점,중구,이디야커피 광희동점,0.556249090748167,동대입구역 3호선,0.0865476526758046
스타벅스 명동중앙로점,중구,이디야커피 을지로3가점,0.378887904179051,명동역 4호선,0.321946963218144
스타벅스 충무로역점,중구,이디야커피 충무로점,0.137804894633452,충무로역 3호선,0.0499475526661399
스타벅스 동대문두타점,중구,이디야커피 동대문점,0.168092770591422,동대문역 4호선,0.173968603783087
스타벅스 명동길점,중구,이디야커피 명동역점,0.269460548411623,명동역 4호선,0.142225483795188
스타벅스 한국프레스센터점,중구,이디야커피 시청점,0.081986383141346,시청역 1호선,0.208860676201191
스타벅스 을지로내외빌딩R점,중구,이디야커피 다동점,0.229872757596412,을지로입구역 2호선,0.151254117289698
스타벅스 명동입구점,중구,이디야커피 명동역점,0.275789904494142,을지로입구역 2호선,0.319443168956648
스타벅스 동국대점,중구,이디야커피 충무필동점,0.254623579634045,충무로역 3호선,0.415435559232107
스타벅스 대한상공회의소R점,중구,이디야커피 YTN점,0.297346478329186,시청역 2호선,0.353090797367097
스타벅스 중구저동점,중구,이디야커피 을지로3가점,0.126702788089965,을지로3가역 2호선,0.204959517793825
스타벅스 무교동점,중구,이디야커피 경복궁역점,0.404771358128348,경복궁역 3호선,0.167903735174895
스타벅스 을지로2가점,중구,이디야커피 을지로3가점,0.205498145914423,을지로3가역 2호선,0.21161122692624
스타벅스 시청플러스점,중구,이디야커피 시청점,0.143218216790635,을지로입구역 2호선,0.184603430892668
스타벅스 명동역점,중구,이디야커피 명동역점,0.00985274420698219,명동역 4호선,0.19943720762546
스타벅스 황학캐슬점,중구,이디야커피 황학롯데캐슬점,0.136945784199659,신설동역 1호선,0.552863136086633
스타벅스 소공로북창점,중구,이디야커피 북창동점,0.12085530947146,시청역 1호선,0.287577669059197
스타벅스 문화일보점,중구,이디야커피 정동점,0.115763896300917,서대문역 5호선,0.176070218984036
스타벅스 숭례문북창점,중구,이디야커피 한국은행점,0.18574113042293,시청역 2호선,0.244404734795039
스타벅스 서소문로점,중구,이디야커피 중림점,0.112482975774154,충정로역 2호선,0.524202131791931
스타벅스 연세세브란스점,중구,이디야커피 YTN점,0.156902956699271,서울역 1호선,0.0941051512959633
스타벅스 회현역점,중구,이디야커피 회현SK리더스점,0.017717158924308,회현역 4호선,0.301567108620735
스타벅스 을지로한국빌딩점,중구,이디야커피 다동점,0.285680973444934,을지로입구역 2호선,0.124711657296454
스타벅스 소공로점,중구,이디야커피 북창동점,0.283415756670093,을지로입구역 2호선,0.282610165718478
스타벅스 숭례문점,중구,이디야커피 YTN점,0.0790571251426436,서울역 1호선,0.200532028050176
스타벅스 태평로점,중구,이디야커피 충무아트홀점,0.114510545900038,신당역 6호선,0.272125649301644
스타벅스 을지로삼화타워점,중구,이디야커피 다동점,0.29806007108612,을지로입구역 2호선,0.269865405738322
스타벅스 대한극장점,중구,이디야커피 충무필동점,0.0895204463602649,충무로역 3호선,0.0832133909139568
스타벅스 명동남산점,중구,이디야커피 명동역점,0.286263643793243,명동역 4호선,0.0971037554913783
스타벅스 상봉역점,중랑구,이디야커피 상봉중앙점,0.106431705062676,상봉역 7호선,0.0449797101326206
스타벅스 상봉점,중랑구,이디야커피 망우중앙점,0.19269511007116,망우역 경의중앙선,0.219897606646291
스타벅스 사가정역점,중랑구,이디야커피 면목본동점,0.190931657426343,사가정역 7호선,0.335053323564292
스타벅스 중랑구청점,중랑구,이디야커피 금란망우점,0.259583819752742,양원역 경의중앙선,1.05761960654291
스타벅스 중랑역점,중랑구,이디야커피 중랑역점,0.0230160026075496,중랑역 경의중앙선,0.214099260623531
스타벅스 중화역점,중랑구,이디야커피 중화역점,0.164911678453133,중화역 7호선,0.102349961022589
스타벅스 묵동점,중랑구,이디야커피 묵동자이점,0.186177077549691,태릉입구역 7호선,0.439225404636936
